bin,lo,hi,train_share
1,-inf,0.0016046033179795613,0.10000140986056479
2,0.0016046033179795613,0.0027144068821937663,0.10000140986056479
3,0.0027144068821937663,0.004268140736899632,0.10000845916338874
4,0.004268140736899632,0.006159663991181093,0.09998731125491689
5,0.006159663991181093,0.008588851922536658,0.10000140986056479
6,0.008588851922536658,0.012050790210622815,0.10000140986056479
7,0.012050790210622815,0.01718813051023429,0.10000845916338874
8,0.01718813051023429,0.02664298616122405,0.09998731125491689
9,0.02664298616122405,0.04769193730516304,0.10002255776903664
10,0.04769193730516304,inf,0.09998026195209293
