bin,n,mean_pred,obs_rate,expected_events,events
1,12340,0.0008873372049415791,0.0016207455429497568,10.949741108979087,20.0
2,12340,0.0015753456198549253,0.0033225283630470017,19.439764949009778,41.0
3,12340,0.0025610542835573457,0.006320907617504052,31.603409859097646,78.0
4,12340,0.0038050239801413126,0.008103727714748784,46.953995914943796,100.0
5,12340,0.005346053293195578,0.009967585089141005,65.97029763803343,123.0
6,12339,0.007515435594241537,0.012723883621038982,92.73295979734633,157.0
7,12339,0.010827972754881815,0.016695032012318665,133.6063558224867,206.0
8,12339,0.016364670851427777,0.025204635707917984,201.92367363576733,311.0
9,12339,0.027327542640795663,0.03282275711159737,337.1945486447777,405.0
10,12339,0.11427256247262538,0.11524434719183078,1410.0091483497245,1422.0
