decile,n,events,event_rate,mean_score,cum_events_share,lift,ks_at_decile
1,12340,1257.0,0.10186385737439221,0.08576314971878694,0.43904994760740484,4.390321579012618,0.34709926231221355
2,12340,491.0,0.039789303079416534,0.030757790390086772,0.6105483758295495,1.7149147933931552,0.4202918464431624
3,12340,301.0,0.024392220421393843,0.01860215980367073,0.7156828501571778,1.0513021442186146,0.4255441318085235
4,12340,243.0,0.019692058346839545,0.012607254417105454,0.8005588543485854,0.848725651312702,0.4100567470243894
5,12340,191.0,0.015478119935170178,0.008940494646425837,0.8672720922109676,0.6671053473280909,0.37597517520967333
6,12339,149.0,0.012075532863279033,0.006433432333691675,0.9193154034229829,0.5204542010703166,0.3268835181145171
7,12339,92.0,0.007456033714239404,0.004548490972097307,0.9514495284666434,0.32135427180180626,0.25740977138968457
8,12339,65.0,0.005267849906799579,0.0030592419224967317,0.9741529863779252,0.2270437789904066,0.17828135062974215
9,12339,44.0,0.0035659291676797145,0.001876967763966079,0.9895214809640237,0.15369117347042904,0.09164373895360323
10,12339,30.0,0.0024313153415998056,0.0009551904563400707,1.0,0.10478943645711072,0.0
