period,actual_cpr,pred_cpr
2020-01-31,0.14435058833557712,0.21093348656562017
2020-02-29,0.23510481544104944,0.19865410853296817
2020-03-31,0.3031907782127927,0.2343617041075302
2020-04-30,0.34252869461461244,0.2764335034567982
2020-05-31,0.40605935321470055,0.32173658768677404
2020-06-30,0.5078855944091407,0.36653313227382456
2020-07-31,0.509298559033514,0.3922500023111616
2020-08-31,0.4825091082841594,0.3821273628967954
2020-09-30,0.48700792846559016,0.38470723899622394
2020-10-31,0.4964515284947245,0.39063515867944054
2020-11-30,0.407123216619789,0.39246020579600993
2020-12-31,0.4764334950793273,0.4022083779475587
2021-01-31,0.44701985380733067,0.4096407211487645
2021-02-28,0.37947355380709924,0.3980503121107568
2021-03-31,0.4102980502265716,0.3835214994395656
2021-04-30,0.3952056962610776,0.36872487538691157
2021-05-31,0.3661502907030013,0.35099068274443734
2021-06-30,0.4125210603436398,0.33136634435122647
2021-07-31,0.392079908885992,0.30544768824974666
2021-08-31,0.3105831956321369,0.2772123009655636
2021-09-30,0.26302617739599166,0.2619102799960036
2021-10-31,0.24685024827728197,0.25190047331662413
2021-11-30,0.2648390448806226,0.2424305954004744
2021-12-31,0.17910195791631633,0.235440745437699
2022-01-31,0.14602532685371294,0.23233194801165757
2022-02-28,0.10120123172114126,0.16529144088380088
2022-03-31,0.07831825646720769,0.126545706866648
2022-04-30,0.09701038874838541,0.10499864867853803
2022-05-31,0.07966940582396564,0.09740258126825563
2022-06-30,0.09862936811921341,0.09669926583218491
2022-07-31,0.08424981749095584,0.09617657452668738
2022-08-31,0.13056650027126315,0.09431777103273753
2022-09-30,0.10777749742044263,0.09415728831610326
2022-10-31,0.12745865530586742,0.09527041578691076
2022-11-30,0.08137839741402064,0.09644375231317115
2022-12-31,0.06881886176786378,0.09870414834336083
2023-01-31,0.09921572250616706,0.09696617324336476
2023-02-28,0.12928019798365253,0.104741989306399
2023-03-31,0.14054475631151642,0.10829450806918817
2023-04-30,0.16463868826826367,0.10990883979454247
2023-05-31,0.12116318115208746,0.11124084762315434
2023-06-30,0.1159449987306217,0.11264166165892264
2023-07-31,0.14111732866129356,0.11205976138832319
2023-08-31,0.14349241530734624,0.10943050621326034
2023-09-30,0.12383393533609732,0.10905206248671107
2023-10-31,0.09277393693209757,0.1100504534872756
2023-11-30,0.05939786229843613,0.11039837149696441
2023-12-31,0.09401463863246007,0.11227725548575374
2024-01-31,0.09887662045863,0.10784485713186143
2024-02-29,0.11469977796946051,0.11512833475942064
2024-03-31,0.10459788116999702,0.1172767301724652
2024-04-30,0.10569522272846754,0.11758186255213687
2024-05-31,0.11848297457062418,0.11748963555325609
2024-06-30,0.15799298497566794,0.11767658476566045
2024-07-31,0.12578600168968335,0.11583269818032549
2024-08-31,0.15461394585914534,0.11405678647125128
2024-09-30,0.1526545379598765,0.11270920717993693
2024-10-31,0.11023741534254627,0.11278472488292268
2024-11-30,0.09868164889237008,0.11297406445764557
2024-12-31,0.09949914025525453,0.11464255970301052
