kind,name,psi,band
score,pd_logit:train_vs_calib,0.10229339102100106,moderate
score,pd_logit:train_vs_oot,0.011827460863265127,stable
score,pd_xgb:train_vs_calib,0.07980775461111445,stable
score,pd_xgb:train_vs_oot,0.00624634643886627,stable
score,pd_lgbm:train_vs_calib,0.07736453165475382,stable
score,pd_lgbm:train_vs_oot,0.00873295122391243,stable
csi,fico,0.0015167061036549011,stable
csi,orig_ltv,0.00017240900666069288,stable
csi,mtm_ltv,0.1487786022162,moderate
csi,dti,0.0010076724978600494,stable
csi,orig_rate,0.6713980772822671,significant
csi,incentive,0.8319435601204106,significant
csi,age,0.35620903919873315,significant
csi,log_upb,0.011624724559061295,stable
csi,unemp,0.7147784916748251,significant
csi,unemp_chg_12m,6.534006447928622,significant
csi,hpi_chg_12m,1.697094151184243,significant
csi,times_30dpd_12m,0.0015546062303704842,stable
csi,dlq_status,6.182365534697514e-05,stable
csi,purpose,0.00013377402416039777,stable
csi,occupancy,0.00026750378678175465,stable
csi,n_borrowers,0.00018026769369868128,stable
csi,state,0.0006407453063812117,stable
