variable,bin_lo,bin_hi,woe,coef,points
fico,-inf,678.0,-1.882209805283393,-0.9944383064487154,20.91513145781932
fico,678.0,704.0,-0.869677851527538,-0.9944383064487154,49.96814038746041
fico,704.0,713.0,-0.5130006429716556,-0.9944383064487154,60.20243085773643
fico,713.0,733.0,-0.02904241133982217,-0.9944383064487154,74.08884972384489
fico,733.0,750.0,0.488358159108655,-0.9944383064487154,88.93484380598876
fico,750.0,761.0,0.7331889581776138,-0.9944383064487154,95.95987779648814
fico,761.0,786.0,1.2375038430424137,-0.9944383064487154,110.43039875039855
fico,786.0,inf,2.191127068861284,-0.9944383064487154,137.79311455651052
fico,,,0.0,-0.9944383064487154,74.92217595405847
orig_ltv,-inf,63.30326461791992,0.24867724338795757,-0.6598121790346961,79.6565319014808
orig_ltv,63.30326461791992,76.78486061096191,0.12857964662941662,-0.6598121790346961,77.3700952185798
orig_ltv,76.78486061096191,87.06559753417969,0.05053554815601742,-0.6598121790346961,75.88427956156643
orig_ltv,87.06559753417969,inf,-0.3619708727106667,-0.6598121790346961,68.03091831156532
orig_ltv,,,0.0,-0.6598121790346961,74.92217595405847
mtm_ltv,-inf,54.61193218231201,0.5789901515942504,-0.37555002296652196,81.19616135937906
mtm_ltv,54.61193218231201,58.116357421875,0.2858993408118273,-0.37555002296652196,78.02020497355932
mtm_ltv,58.116357421875,60.504833984375004,0.2671793317700921,-0.37555002296652196,77.81735339967345
mtm_ltv,60.504833984375004,66.17868041992188,0.23362160874569102,-0.37555002296652196,77.45371912383791
mtm_ltv,66.17868041992188,72.01781845092773,0.05308430851773386,-0.37555002296652196,75.49740193324783
mtm_ltv,72.01781845092773,82.2648193359375,-0.03415785136537323,-0.37555002296652196,74.55203863764062
mtm_ltv,82.2648193359375,86.87671775817871,-0.21985597085322847,-0.37555002296652196,72.53979838060988
mtm_ltv,86.87671775817871,inf,-0.8209923706027819,-0.37555002296652196,66.02583438959763
mtm_ltv,,,0.0,-0.37555002296652196,74.92217595405847
dti,-inf,22.0,0.6248291915199088,-1.1187890154806102,95.09255406796464
dti,22.0,25.0,0.34921815064330425,-1.1187890154806102,86.19543629194403
dti,25.0,29.0,0.16509700894647775,-1.1187890154806102,80.2517430439458
dti,29.0,32.0,0.12691319105478271,-1.1187890154806102,79.01911490307013
dti,32.0,37.0,-0.000845642795925227,-1.1187890154806102,74.8948773976296
dti,37.0,41.0,-0.13261686635972247,-1.1187890154806102,70.64111422541205
dti,41.0,45.0,-0.3097270374371169,-1.1187890154806102,64.9237451156882
dti,45.0,inf,-0.40068910729830687,-1.1187890154806102,61.987359671434696
dti,,,0.0,-1.1187890154806102,74.92217595405847
incentive,-inf,-0.540179967880249,1.3505763504504222,-0.026412906718610265,75.95147097714407
incentive,-0.540179967880249,-0.15653276443481445,0.769716833645565,-0.026412906718610265,75.508788999513
incentive,-0.15653276443481445,0.08612298965454102,0.33050154108234403,-0.026412906718610265,75.17405626518989
incentive,0.08612298965454102,0.20181989669799805,0.10218425267754774,-0.026412906718610265,75.00005214571816
incentive,0.20181989669799805,0.3870534896850586,-0.06795201292336342,-0.026412906718610265,74.87038867917592
incentive,0.3870534896850586,0.6219460964202881,-0.2712296769260912,-0.026412906718610265,74.71546764284005
incentive,0.6219460964202881,0.8979580283164996,-0.5694547192859589,-0.026412906718610265,74.48818574814516
incentive,0.8979580283164996,inf,-0.975503570149195,-0.026412906718610265,74.17872966949861
incentive,,,0.0,-0.026412906718610265,74.92217595405847
age,-inf,6.0,-0.16153484050719397,-0.22266667157429662,73.88434657848588
age,6.0,18.0,-0.1142724006832446,-0.22266667157429662,74.18799839908704
age,18.0,22.0,-0.10877705109140925,-0.22266667157429662,74.22330493244876
age,22.0,25.0,-0.04855905127974102,-0.22266667157429662,74.61019366150897
age,25.0,36.0,0.12386937941253226,-0.22266667157429662,75.71801219771112
age,36.0,42.0,0.5698754120995315,-0.22266667157429662,78.58351267396624
age,42.0,inf,0.8188823730064141,-0.22266667157429662,80.18333310861551
age,,,0.0,-0.22266667157429662,74.92217595405847
unemp,-inf,4.400000095367432,0.4890504978903258,-0.8207913119753248,86.50437410889528
unemp,4.400000095367432,4.800000190734863,0.4094830012593793,-0.8207913119753248,84.61997461101234
unemp,4.800000190734863,5.199999809265137,0.21442935478903344,-0.8207913119753248,80.00051303395927
unemp,5.199999809265137,5.474999904632568,0.1263035492158279,-0.8207913119753248,77.91342683916638
unemp,5.474999904632568,6.199999809265137,0.01517589928572736,-0.8207913119753248,75.28158724893167
unemp,6.199999809265137,6.599999904632568,-0.11987380060142111,-0.8207913119753248,72.0832010054011
unemp,6.599999904632568,7.099999904632568,-0.3572648719239821,-0.8207913119753248,66.46106087854757
unemp,7.099999904632568,inf,-0.5419171794545424,-0.8207913119753248,62.08793453516854
unemp,,,0.0,-0.8207913119753248,74.92217595405847
unemp_chg_12m,-inf,-0.8000001907348633,-0.34058219438652226,-0.0867569906765289,74.06960417445133
unemp_chg_12m,-0.8000001907348633,-0.7999997138977051,-0.289197725965985,-0.0867569906765289,74.1982337634537
unemp_chg_12m,-0.7999997138977051,-0.6749997138977051,-0.055077244341353436,-0.0867569906765289,74.78430232179609
unemp_chg_12m,-0.6749997138977051,-0.5500001907348633,0.17255905097542293,-0.0867569906765289,75.35413916177235
unemp_chg_12m,-0.5500001907348633,-0.5499997138977051,0.19174612076326591,-0.0867569906765289,75.40216972386305
unemp_chg_12m,-0.5499997138977051,inf,0.32248450865605394,-0.0867569906765289,75.72944420228815
unemp_chg_12m,,,0.0,-0.0867569906765289,74.92217595405847
