model,segment_col,segment,n,events,event_rate,mean_pred,auc
pd_logit,fico_band,<620,147,42,0.2857142857142857,0.09207491386691709,0.6658730158730158
pd_logit,fico_band,620-659,2306,373,0.16175195143104942,0.10485992242370716,0.6081033662547901
pd_logit,fico_band,660-699,13959,984,0.07049215559853858,0.05886148571846595,0.6463980528533609
pd_logit,fico_band,700-739,36004,927,0.025747139206754806,0.019569321925230653,0.6141551308649712
pd_logit,fico_band,740-779,41875,444,0.010602985074626866,0.007061500023480159,0.6150948141064237
pd_logit,fico_band,780+,29104,93,0.003195437053326003,0.0022077570686552194,0.5849948276942042
pd_logit,purpose,P,74208,1705,0.02297595946528676,0.017189363450438845,0.7929658568481522
pd_logit,purpose,C,31079,711,0.02287718395057756,0.017825387389438545,0.7755756068272325
pd_logit,purpose,N,18108,447,0.02468522200132538,0.01722634839796901,0.8002839837065631
pd_logit,occupancy,O,111130,2597,0.023369027265364887,0.017371227356263848,0.7885737316280421
pd_logit,occupancy,I,7532,164,0.02177376526818906,0.017208773240759707,0.7957006733137364
pd_logit,occupancy,S,4733,102,0.021550813437566027,0.01720626204224502,0.8097804226419568
pd_xgb,fico_band,<620,147,42,0.2857142857142857,0.4021086691383563,0.7131519274376418
pd_xgb,fico_band,620-659,2306,373,0.16175195143104942,0.16662583246964888,0.6499787103905776
pd_xgb,fico_band,660-699,13959,984,0.07049215559853858,0.05852006373197305,0.6758223287435187
pd_xgb,fico_band,700-739,36004,927,0.025747139206754806,0.019089663106730187,0.6449761057342824
pd_xgb,fico_band,740-779,41875,444,0.010602985074626866,0.006839137115274972,0.6444123638977733
pd_xgb,fico_band,780+,29104,93,0.003195437053326003,0.002210077562178456,0.6807343747625576
pd_xgb,purpose,P,74208,1705,0.02297595946528676,0.018506640819830996,0.8144817548858228
pd_xgb,purpose,C,31079,711,0.02287718395057756,0.018914958086037065,0.8009776974874729
pd_xgb,purpose,N,18108,447,0.02468522200132538,0.018613161250579338,0.820519738698002
pd_xgb,occupancy,O,111130,2597,0.023369027265364887,0.018613297921630505,0.8118161882670338
pd_xgb,occupancy,I,7532,164,0.02177376526818906,0.018868534253609015,0.8055777621090543
pd_xgb,occupancy,S,4733,102,0.021550813437566027,0.018515172239694563,0.8285890905703677
pd_lgbm,fico_band,<620,147,42,0.2857142857142857,0.4067942261969529,0.7068027210884353
pd_lgbm,fico_band,620-659,2306,373,0.16175195143104942,0.16716575027100172,0.6495758027985781
pd_lgbm,fico_band,660-699,13959,984,0.07049215559853858,0.05860441056137666,0.6687969359462381
pd_lgbm,fico_band,700-739,36004,927,0.025747139206754806,0.019597492144813492,0.6477657306184061
pd_lgbm,fico_band,740-779,41875,444,0.010602985074626866,0.0075899743124608525,0.6322933321678222
pd_lgbm,fico_band,780+,29104,93,0.003195437053326003,0.0021860801196352552,0.6876905793612582
pd_lgbm,purpose,P,74208,1705,0.02297595946528676,0.01918265997794241,0.8113890605315431
pd_lgbm,purpose,C,31079,711,0.02287718395057756,0.018988178789385805,0.7975276829262871
pd_lgbm,purpose,N,18108,447,0.02468522200132538,0.018596391400579566,0.8140955557860967
pd_lgbm,occupancy,O,111130,2597,0.023369027265364887,0.01905253630952866,0.8079588114676751
pd_lgbm,occupancy,I,7532,164,0.02177376526818906,0.019192195700807154,0.7995335796191838
pd_lgbm,occupancy,S,4733,102,0.021550813437566027,0.01870270813939716,0.8325817910839568
