feature,mean_abs_shap
fico,0.8103534557245635
dti,0.21789306202309136
unemp,0.18867896691692285
age,0.13744964597303264
mtm_ltv,0.0918267768385324
unemp_chg_12m,0.06880500569208228
orig_rate,0.06350120442924442
incentive,0.057889119688351094
dlq_status,0.054088998749172654
log_upb,0.0528786645906973
orig_ltv,0.04597823623726792
state,0.03929140105534852
hpi_chg_12m,0.022314351800798413
n_borrowers,0.02110315387297419
purpose,0.01838159307375047
occupancy,0.0030420024111222645
times_30dpd_12m,0.0019252320866771121
