model,vintage,n,events,event_rate,mean_pred,auc
pd_logit,2012,3272,47,0.014364303178484108,0.012176331636448136,0.788668975754577
pd_logit,2013,4120,69,0.01674757281553398,0.013586056459749307,0.7871396935449826
pd_logit,2014,6566,87,0.01325007614986293,0.011238778670080626,0.7930936908455789
pd_logit,2015,5527,92,0.016645558168988602,0.014646548087908185,0.7710921563137475
pd_logit,2016,9209,229,0.024866977956347052,0.014579675430175063,0.7441821223290962
pd_logit,2017,10894,283,0.025977602349917386,0.01687479972592105,0.755083813616978
pd_logit,2018,12426,436,0.03508771929824561,0.01914503096642881,0.7900555508795556
pd_logit,2019,22468,670,0.029820188712836034,0.01952344988046059,0.7993095696852922
pd_logit,2020,25768,517,0.020063644830797887,0.019768732090735645,0.7934199438412037
pd_logit,2021,23145,433,0.018708144307625837,0.01671675948027353,0.811640253659235
pd_xgb,2012,3272,47,0.014364303178484108,0.013619121049993702,0.804720435428006
pd_xgb,2013,4120,69,0.01674757281553398,0.015241263494457206,0.8116729095338778
pd_xgb,2014,6566,87,0.01325007614986293,0.012115918690434838,0.7829166910602424
pd_xgb,2015,5527,92,0.016645558168988602,0.01618205655210807,0.7835666573337067
pd_xgb,2016,9209,229,0.024866977956347052,0.015603204307601018,0.7664341428307447
pd_xgb,2017,10894,283,0.025977602349917386,0.019001295755077134,0.7841748995059131
pd_xgb,2018,12426,436,0.03508771929824561,0.02174010427042596,0.8041652638666779
pd_xgb,2019,22468,670,0.029820188712836034,0.021296630816318964,0.8216549032979884
pd_xgb,2020,25768,517,0.020063644830797887,0.019934862233368274,0.8252704548461111
pd_xgb,2021,23145,433,0.018708144307625837,0.01766653698779462,0.8355639285211671
pd_lgbm,2012,3272,47,0.014364303178484108,0.011519372047140692,0.7978525482434439
pd_lgbm,2013,4120,69,0.01674757281553398,0.012930388226726118,0.7948726204658717
pd_lgbm,2014,6566,87,0.01325007614986293,0.010348356131004028,0.7751888062759792
pd_lgbm,2015,5527,92,0.016645558168988602,0.014875053338637268,0.7789708411663534
pd_lgbm,2016,9209,229,0.024866977956347052,0.01519027706708748,0.7638648719619533
pd_lgbm,2017,10894,283,0.025977602349917386,0.018840869008435245,0.7826761880880332
pd_lgbm,2018,12426,436,0.03508771929824561,0.022098855440471882,0.7981804408872838
pd_lgbm,2019,22468,670,0.029820188712836034,0.02193444842422892,0.8237038725995676
pd_lgbm,2020,25768,517,0.020063644830797887,0.021300933372700587,0.8198132528906874
pd_lgbm,2021,23145,433,0.018708144307625837,0.01934810456658717,0.8358471211360732
