scenario,month,smm,mdr,cpr,cdr,survival_upb,exp_defaults_upb,exp_prepay_upb
Base,1,0.0231962779878666,0.0016767729879070988,0.24545061528431156,0.01993674564668746,0.9751658777390205,5858947.432319795,80916075.82256673
Base,2,0.015298990906950811,0.0016614406909493422,0.1689013140170731,0.01975610807601813,0.9586512624112807,5651183.904006132,51951157.67306766
Base,3,0.010921918467232433,0.0016428266048535492,0.12346970000895885,0.01953676506534996,0.9466230890099717,5483473.218429667,36395599.066294804
Base,4,0.008761938366396726,0.001563184023807602,0.10022144709162806,0.01859777175024724,0.9368620555959296,5142971.650029533,28782254.109386995
Base,5,0.008139127288531361,0.0015419154486544318,0.0934138067923086,0.01834687387817102,0.9278041301156044,5011675.108683679,26413747.86311481
Base,6,0.00814677579961546,0.0015214275883635754,0.09349769445025802,0.01810513022542859,0.9188456048684027,4888439.365412426,26136261.062147986
Base,7,0.008195617597292117,0.0014533393136395923,0.09403321577646984,0.0173013400218045,0.9099908458602977,4616196.924729199,25993655.30924635
Base,8,0.00808438623127837,0.0014420398161579119,0.09281320779593183,0.017167889767538247,0.9013327825457657,4527905.172680116,25347807.65103128
Base,9,0.008180933138056627,0.0013937818590304728,0.09387223989120841,0.016597762676922034,0.8927133462808469,4326805.863883136,25361194.879207715
Base,10,0.008327255432340069,0.0013697385471195189,0.09547510276598359,0.01631359807728794,0.884067215127739,4203757.441877227,25521522.575276695
Base,11,0.008471090766615012,0.0013187327026023743,0.09704818909833046,0.015710517782233313,0.8754225809492867,4000613.4916587714,25664692.073029622
Base,12,0.008647187085587054,0.0011991689919779189,0.09897068994295688,0.014295497838954008,0.86681227879359,3595632.636612332,25896953.31988102
Base,13,0.0088198296583443,0.001141860063893539,0.1008518419427471,0.013616593733716598,0.8581865362502231,3383793.1916681677,26106877.955434337
Base,14,0.00921272692493822,0.001115779598374911,0.10511952632432209,0.013307492386469777,0.8493321085767581,3267462.748518741,26948561.002344936
Base,15,0.009534974258114165,0.0011372193369695556,0.10860593629126669,0.013561599101503896,0.8402777104707121,3289674.319528701,27550787.9811247
Base,16,0.009680881786900825,0.0011192840028702003,0.1101804182850944,0.013349031169872294,0.8312124410911456,3197207.073556973,27622247.625875548
Base,17,0.009791100834305195,0.0010960173895246035,0.11136809670948067,0.013073214840446656,0.8221727400908834,3091074.360612228,27583366.879940934
Base,18,0.009928793702737337,0.0010729877341672804,0.11284978090426767,0.012800137951688106,0.8131372081112359,2987486.6601616577,27614771.99027325
Base,19,0.009956080823442428,0.001056357652597847,0.11314314290625671,0.012602901709193426,0.8041924410606609,2903266.382975648,27334133.007365286
Base,20,0.009750522959709584,0.0010308326804526445,0.11093101412391937,0.012300099933875708,0.7955318273385821,2796532.3630428626,26424797.294565603
Base,21,0.00981924196467338,0.001011028747046366,0.11167110183724283,0.012065107985332335,0.7869256840619455,2707995.808797964,26273815.09962167
Base,22,0.009854198376422233,0.0009937280132790308,0.11204735752714079,0.011859776869765581,0.7783987603753322,2627719.785454857,26031610.292836435
Base,23,0.009883897837352572,0.0009767385123175037,0.11236691488434958,0.011658101503746354,0.7699543608372835,2549792.119632304,25776877.688287996
Base,24,0.009959348511718208,0.0009546637218232605,0.11317826764072603,0.011396004399219728,0.7615604724703007,2460264.9146032487,25641745.23310469
Base,25,0.009964751115822297,0.0009374570630907319,0.11323633801909005,0.011191663125685869,0.7532671347896163,2384844.0659816135,25326066.034081317
Base,26,0.010272484853743132,0.0009212291047848825,0.11653829390178072,0.010998909138123958,0.7448448475890378,2313418.12456074,25772807.13781891
Base,27,0.010504377739384096,0.0009026748413840922,0.11901903350572252,0.010778481339287938,0.7363579294773844,2236986.336286559,26008189.44931238
Base,28,0.010500013708466772,0.0008798094464670865,0.11897240706676604,0.010506774620199666,0.7279876563056916,2151136.5383752715,25649975.695082795
Base,29,0.010460741058759758,0.0008625753101519152,0.11855270609692026,0.010301938254428156,0.7197535291115268,2080803.7444864158,25212840.489171594
Base,30,0.010454862502959357,0.0008523222397564867,0.11848986707729148,0.010180056922868386,0.7116241568583973,2028676.8795413845,24863202.54156174
Base,31,0.01032656045323723,0.0008293339384369616,0.11711735470958651,0.009906738062355536,0.7036940637933952,1947672.5976742199,24231588.384509884
Base,32,0.009957460979876162,0.0008167303435755235,0.1131579785125012,0.009756858560687198,0.6961206954495734,1892798.5236689304,23057884.761813767
Base,33,0.009915913818484825,0.0008001009615535424,0.11271127923301327,0.009559073356486869,0.6886691975056023,1830511.5931390887,22667979.77264642
Base,34,0.009903999054653346,0.0007790210887550704,0.112583138173594,0.009308303217294478,0.6813200611694012,1759542.308298005,22352321.386646777
Base,35,0.009893571326039418,0.0007649440380635724,0.11247097598027056,0.00914080756007185,0.6740659957814061,1705739.4273535442,22044678.779923446
Base,36,0.009923399733443482,0.0007460121207686325,0.1127917801738123,0.008915505386381972,0.6668816709629186,1642356.4429412396,21830209.870053288
Base,37,0.009903913482321856,0.0007306146292935861,0.11258221779780198,0.00873223056012673,0.6597971774367989,1587957.282325708,21509973.29861766
Base,38,0.010168256172013754,0.000724355446310679,0.1154211936785895,0.008657719239762995,0.6526179213202571,1554324.0343302325,21803269.055618852
Base,39,0.010396344803775763,0.000715832603696353,0.11786411623035187,0.008556252334589787,0.6453736092568042,1516081.7852294638,22002946.168494936
Base,40,0.010383047106792827,0.0007143513280788159,0.11772186239854254,0.008538616349101802,0.6382193005365941,1492942.5693179853,21684315.611710556
Base,41,0.010335694720775035,0.0007132574197711673,0.1172151333497159,0.008525592152757722,0.6311751825807486,1470954.4587072101,21300153.240412224
Base,42,0.010319458591228268,0.0007010480545953841,0.1170413252888931,0.008380215422423842,0.6242267121768696,1426719.9535837616,20986658.29128714
Base,43,0.010174548900495172,0.0006950170484857442,0.11548867447606492,0.008308397112366195,0.6174488515306216,1395827.965253247,20419713.93885131
Base,44,0.009804139119279357,0.0006925114113375089,0.11150849613793823,0.008278558130719205,0.6109746969595929,1372682.4264514397,19420112.734474752
Base,45,0.00976151741923103,0.0006884863829723705,0.11104945986503134,0.00823062339100511,0.6045968839658575,1347422.3422038467,19090909.284760855
Base,46,0.009750229026892916,0.0006849085130553848,0.11092784732221261,0.008188012153432567,0.5982946714994782,1323492.7805914087,18828090.43242333
Base,47,0.009739474194610466,0.0006783508009147418,0.11081196876281274,0.008109907631825286,0.5920685283509589,1294271.4621027603,18569997.29641008
Base,48,0.009774349552646637,0.00067695622141892,0.11118768497931208,0.008093297001566135,0.585887372688437,1275310.8580536847,18401331.18698764
Base,49,0.0097581286173632,0.000676817451283213,0.11101295309613846,0.008091644117040664,0.5797805101063653,1258901.0220204308,18138131.175410368
Base,50,0.010012816898575097,0.0006693510361525758,0.11375282399411701,0.008002708276917181,0.5735942353306762,1229250.7685989407,18376044.340814237
Base,51,0.01024279583278058,0.0006634068103139603,0.11622022525515074,0.007931898694284567,0.5673456284896862,1202594.5818739375,18555370.221108027
Base,52,0.01023177279214051,0.0006655436178805444,0.11610210492718565,0.007957353585579252,0.5611702295992147,1190597.529989387,18291537.151421696
Base,53,0.01018694057088305,0.0006562265899797946,0.11562154418312753,0.00784635935826028,0.5550923400630332,1158483.8016319615,17971934.425483696
Base,54,0.010175654476236144,0.000654632776364532,0.11550052975728442,0.007827371035397435,0.5490874834775906,1140512.1025666506,17716588.884384256
Base,55,0.010036039814163447,0.0006554195393341168,0.11400226465641461,0.007836744387146766,0.5432237758702104,1126906.1553789014,17244317.237909984
Base,56,0.009669141883225391,0.0006494339759542386,0.11005382785025797,0.007765431427007807,0.5376250899093964,1102110.1835909411,16398185.902461616
Base,57,0.009628270354099076,0.0006486232938388228,0.10961298465431302,0.007755772469258293,0.5321064767026554,1086831.4526879885,16122639.69216392
Base,58,0.009617930485882874,0.0006474069925097682,0.10950142638423299,0.007741280556847863,0.5266507120804064,1071123.1323892316,15902389.639432376
Base,59,0.009606526077368699,0.0006428215868793722,0.10937836778241139,0.007686644902832995,0.521259318417483,1050132.9181413294,15683425.387919422
Base,60,0.009646107044448963,0.0006404657309583637,0.10980539706610526,0.007658573526704404,0.5159036886508098,1033101.1890305311,15549656.563288327
Rates +200bp,1,0.0231962779878666,0.0016767729879070988,0.24545061528431156,0.01993674564668746,0.9751658777390205,5858947.432319795,80916075.82256673
Rates +200bp,2,0.013200523968651269,0.001673176744884062,0.14739687010353364,0.01989437922215076,0.960682953080786,5691102.632043628,44824815.20897891
Rates +200bp,3,0.008968412993921886,0.001616471071198474,0.10246795585139823,0.019226122124623712,0.950528137277252,5406937.422205022,29949971.484990664
Rates +200bp,4,0.00799803923999473,0.0015733013670679004,0.09186509853381741,0.018717101843462758,0.9414423648397503,5197609.943917068,26381013.792848554
Rates +200bp,5,0.008009997476619096,0.0015491501063049572,0.09199645680720647,0.01843222517801313,0.9324547953940506,5059803.908705162,26121568.753045693
Rates +200bp,6,0.0081412658486434,0.001523378318846576,0.0934372628974911,0.018128149948332006,0.9234546913390627,4919238.401940661,26249433.63882561
Rates +200bp,7,0.008201825242152875,0.0014535911389405788,0.09410125814317527,0.017304313960458173,0.9145495624445733,4640152.1108699795,26143800.22864005
Rates +200bp,8,0.008089901490632672,0.0014421689086522114,0.09287373573641011,0.01716941448013576,0.9058429739642879,4550990.621373339,25492138.378187653
Rates +200bp,9,0.008185881856318515,0.0013937893007221294,0.09392649230182504,0.01659785061760255,0.8971759263493637,4348474.417976374,25503484.896923274
Rates +200bp,10,0.00833153074665213,0.0013697563693456992,0.0955218968709769,0.01631380874360311,0.8884827309744118,4224820.27869093,25662231.97189649
Rates +200bp,11,0.008474639277007904,0.001318678502439044,0.09708696643447179,0.015709876752887153,0.8797918232871333,4020422.731234311,25803638.109049346
Rates +200bp,12,0.008650123575589386,0.0011989035399659507,0.09900271673004724,0.014292354177664057,0.8711362014450562,3612771.7366757104,26035001.2249925
Rates +200bp,13,0.008821971171778048,0.001141375076917216,0.10087515372846467,0.013610846558649303,0.8624659900436034,3399221.0588001558,26243435.16081684
Rates +200bp,14,0.009214236735524727,0.001115272584642135,0.10513589014399227,0.013301482464145309,0.85356654523034,3282256.5985365766,27087332.73564592
Rates +200bp,15,0.009535983074951822,0.0011367085132741738,0.10861683115313014,0.01355554544685278,0.8444665814508615,3304581.892625369,27691018.563583273
Rates +200bp,16,0.009681174673494893,0.0011188098432818039,0.11018357624657882,0.013343410904335107,0.835356274548333,3211775.383869686,27760723.31388344
Rates +200bp,17,0.00979062914958737,0.0010955468536775338,0.11136301711239283,0.01306763609844086,0.8262722949798472,3105141.2309569013,27719471.891096838
Rates +200bp,18,0.00992765110550439,0.0010725385910383958,0.11283749497800577,0.012794811494888592,0.8171930240800885,3001116.4362803055,27749194.20214615
Rates +200bp,19,0.009954228271227954,0.0010559463669905839,0.11312322905583538,0.012598023318250773,0.8082054904607583,2916601.212070186,27465275.102753304
Rates +200bp,20,0.009748031235603735,0.0010304548497183479,0.11090416821891291,0.012295617102968559,0.7995039760933315,2809446.7705432093,26549784.54670085
Rates +200bp,21,0.009816207027433466,0.0010107249301581963,0.11163842819197167,0.012061502518421197,0.7908575289557607,2720688.206544849,26396742.208280906
Rates +200bp,22,0.00985093909039003,0.0009934826326449106,0.11201228215900783,0.011856864325863525,0.7822907706822466,2640185.590056731,26152916.799422104
Rates +200bp,23,0.009880474720864089,0.0009765220680693495,0.11233008854586013,0.011655531939865349,0.7738069945506889,2561961.501170864,25896677.182605486
Rates +200bp,24,0.009955796615289954,0.0009544988202270896,0.11314008786182583,0.011394046259556756,0.7653739797988319,2472136.214750939,25760737.081963383
Rates +200bp,25,0.009961150169870474,0.0009373429888722207,0.11319763331355748,0.0111903082842707,0.7570419554365859,2396482.089194932,25443559.36464513
Rates +200bp,26,0.010268593377733896,0.0009211773811482157,0.1164966091633487,0.010998294715127366,0.7485804463852495,2324867.9924764363,25892008.61619862
Rates +200bp,27,0.010500370941231263,0.000902677189357301,0.11897622391934237,0.010778509236457734,0.740053961330082,2248198.2604924496,26128505.89156328
Rates +200bp,28,0.010495979666293303,0.0008798585477910409,0.11892930430122428,0.010507358158574176,0.7316446240117306,2162041.2795433486,25768659.02170661
Rates +200bp,29,0.01045663428017025,0.0008626749412421517,0.11850880698159783,0.010303122531670539,0.7233720657876361,2091484.5360139683,25329381.028674137
Rates +200bp,30,0.01045073067623756,0.0008524807735591241,0.11844569731932175,0.01018194156658292,0.7152046984355699,2039241.42654352,24978153.050980724
Rates +200bp,31,0.01032242013047191,0.0008295286426758671,0.11707303095899058,0.009909053284227642,0.7072375282601273,1957917.9748937506,24343567.816981718
Rates +200bp,32,0.009953439211202703,0.0008169755874010915,0.11311474699860402,0.009759775151016115,0.6996286967130599,1902886.7864682935,23164454.985218488
Rates +200bp,33,0.009911863683330819,0.0008003822702375488,0.11266772268895453,0.009562419464137717,0.6921422866610983,1840368.6598665286,22772722.237411052
Rates +200bp,34,0.009899949954688913,0.0007793691332181155,0.112539586997909,0.009312444092312355,0.6847586513379001,1769191.6304672114,22455672.513587344
Rates +200bp,35,0.009889503227263483,0.0007653394758461469,0.11242721538373801,0.009145513027199015,0.6774704925529345,1715219.7866970883,22146628.978028595
Rates +200bp,36,0.009919397415356574,0.0007464589417415363,0.11274874146201797,0.008920823388664179,0.6702522929943815,1651625.3783803065,21931412.782703105
Rates +200bp,37,0.009899989035403926,0.0007310995430757926,0.11254000735033631,0.008738002914937981,0.6631343004530977,1597027.6866445835,21609912.96732825
Rates +200bp,38,0.01016420483968871,0.0007248593102040622,0.11537774625339348,0.008663717587050646,0.6559210888740873,1563256.9736827603,21904590.85377563
Rates +200bp,39,0.01039221513218807,0.0007163666287144121,0.11781994078589486,0.008562610336363852,0.6486424724049024,1524876.6186946442,22105292.297582064
Rates +200bp,40,0.010378922208008349,0.0007148881573887661,0.11767773148782346,0.00854500784236667,0.6414542574801888,1501616.2279288233,21785248.79744257
Rates +200bp,41,0.010331532179727218,0.0007137994971472072,0.11717057626225769,0.00853204620706327,0.6343767606226307,1479517.7022126142,21399249.92640733
Rates +200bp,42,0.010315323970623904,0.000701595624537499,0.11699705908950819,0.008386735748105778,0.6273953237173276,1435060.5380920568,21084408.240657084
Rates +200bp,43,0.010170473703314585,0.0006955673270482697,0.11544497416896171,0.008314950126545928,0.6205852733720528,1404007.411237195,20514891.372893043
Rates +200bp,44,0.009800213294858036,0.0006930838667054593,0.11146622404398765,0.008285375425463481,0.6140803171654989,1380778.6801208896,19510693.39292567
Rates +200bp,45,0.009757599071532804,0.0006890713377916613,0.11100724829876907,0.008237589848220317,0.607672136085111,1355404.7169295812,19179991.638790518
Rates +200bp,46,0.009746328382758324,0.0006855037263295575,0.1108858212074364,0.00819510106140764,0.6013398801862462,1331363.0868803908,18916026.73231916
Rates +200bp,47,0.009735596232119729,0.0006789420856730179,0.11077018203683164,0.008116950260216749,0.5950840273358392,1301975.1280937458,18656816.95899173
Rates +200bp,48,0.009770577802053714,0.0006775702715365099,0.11114705849859974,0.00810061089318026,0.5888732719952888,1282950.7163474364,18487641.58951097
Rates +200bp,49,0.009754438323247617,0.0006774441023016398,0.11097319685873319,0.008099108107651132,0.582737094088494,1266469.7860334746,18223396.486899056
Rates +200bp,50,0.010009020883796002,0.000669983993338413,0.11371204433492488,0.00801024799915906,0.5765211195832798,1236668.877299074,18462458.483261317
Rates +200bp,51,0.010238943849986748,0.0006640431460981681,0.11617894995237499,0.007939479157883622,0.5702424858095541,1209871.4755897704,18642734.49589286
Rates +200bp,52,0.010227950762883683,0.000666196050295511,0.11606114557602443,0.007965125619672664,0.5640373669902793,1197830.3555012222,18377755.455034684
Rates +200bp,53,0.01018310063524087,0.0006568730209917993,0.1155803724230845,0.007854060691283027,0.557930229549762,1165530.210145865,18056633.181695156
Rates +200bp,54,0.01017184145485963,0.0006552797582035219,0.11545964144985832,0.007835079065963702,0.551896443830417,1147455.9953208063,17800171.696958907
Rates +200bp,55,0.010032284660508959,0.0006560835983145769,0.11396193437555713,0.007844655802587752,0.5460044496928705,1133798.3795296014,17325727.14754916
Rates +200bp,56,0.009665537475979417,0.0006501006201973214,0.11001495850532028,0.007773374165725655,0.5403787134767923,1108868.3477080972,16475666.35677108
Rates +200bp,57,0.00962468271715996,0.0006492942085028759,0.10957427859400193,0.007763766159085472,0.5348334154364965,1093507.1386986922,16198859.501415793
Rates +200bp,58,0.009614365472270707,0.000648076844401981,0.10946295998844635,0.007749261691054832,0.529351244094054,1077705.202689935,15977637.162254807
Rates +200bp,59,0.009602993242266282,0.0006434927593664622,0.10934024376994245,0.007694642175201549,0.5239337241726767,1056598.4223743968,15757719.349815546
Rates +200bp,60,0.009642683153697646,0.0006411321267306631,0.10976846497086856,0.007666514088834564,0.5185520644416935,1039460.4490054762,15623552.705045693
Rates -200bp,1,0.0231962779878666,0.0016767729879070988,0.24545061528431156,0.01993674564668746,0.9751658777390205,5858947.432319795,80916075.82256673
Rates -200bp,2,0.017945269033415694,0.001658276130473621,0.19531055289279053,0.019718820983822605,0.956078007515122,5640420.045072696,60937382.201814726
Rates -200bp,3,0.014220120418545259,0.0016310098574612406,0.15790828202266782,0.019397496583765994,0.940944934886709,5429417.985859742,47259709.601053156
Rates -200bp,4,0.011638916207767885,0.001598474199034433,0.13106429423853472,0.019013947804963904,0.9285064633468397,5227534.461345442,38002227.3131837
Rates -200bp,5,0.009902017036268501,0.0015544190786628955,0.11256182029049044,0.018494381908512936,0.9178831843368983,5007259.941124537,31847847.698484696
Rates -200bp,6,0.008943335406431096,0.0015079967059622463,0.10219537841032422,0.017946624788134025,0.9083024551336774,4793482.349541034,28385388.94039899
Rates -200bp,7,0.008461083687961878,0.0014492302970004855,0.09693882573473922,0.01725281329759376,0.8993121651439541,4550337.322092642,26527866.872733086
Rates -200bp,8,0.008386477945783882,0.001438309224913135,0.09612310661660528,0.01712382678448887,0.8904876720246244,4463205.959180374,25986582.683767803
Rates -200bp,9,0.00852981753290022,0.0013906439580511356,0.09768974581547574,0.01656068052639348,0.8816643609860029,4265133.955119481,26124747.04290134
Rates -200bp,10,0.008730877285170939,0.0013673862653237206,0.09988304710826923,0.01628579274012254,0.8727717668736279,4144613.923478926,26427525.330114126
Rates -200bp,11,0.008937553719559644,0.0013149003667480908,0.10213252438467824,0.01566519151915091,0.8638341029975597,3938038.9853885733,26732181.437667087
Rates -200bp,12,0.00918516256535047,0.0011887855780262544,0.10482072658141317,0.01417252361476895,0.8548822227474947,3517331.868959644,27144389.365444604
Rates -200bp,13,0.009474390395378689,0.0011167572430732444,0.10795142836737559,0.013319080870739297,0.8458371299294687,3263875.9392652744,27659279.844185323
Rates -200bp,14,0.009775571765598765,0.0010956820540560669,0.1112008493793466,0.013069239056915483,0.8366510554030789,3162459.90541829,28184253.631295677
Rates -200bp,15,0.01003258857560635,0.0011162042961575947,0.11396519848067199,0.013312526545163572,0.8273330537747164,3180701.302321864,28556644.006483696
Rates -200bp,16,0.010112900775994776,0.001100345893030843,0.1148273803435309,0.01312453285675752,0.8180656100431251,3094720.7170493095,28411217.463313334
Rates -200bp,17,0.010164543956829057,0.0010783283695068428,0.11538138309908275,0.01286347134093857,0.8088777612270655,2993118.5170743614,28183324.18198891
Rates -200bp,18,0.010253607318324328,0.0010573562401936494,0.1163360645521877,0.012614746186078718,0.7997381527061487,2896394.351724468,28057798.60162929
Rates -200bp,19,0.010233799963723502,0.0010400392931171484,0.11612382871013016,0.012409327443070328,0.7907315942154726,2811353.7901962446,27634445.842790354
Rates -200bp,20,0.009984760216813285,0.0010153329752262022,0.11345137728979526,0.012116185983887195,0.7820428434636197,2708418.085025331,26607475.824863635
Rates -200bp,21,0.010022254420473765,0.0009960714022651104,0.11385420153216841,0.01188759131425321,0.7734354067467778,2622738.2672469327,26363137.87233713
Rates -200bp,22,0.010029963132480776,0.0009792113619348005,0.1139370003656649,0.011687458028749709,0.7649297911966848,2544988.886096247,26042538.108233146
Rates -200bp,23,0.010036402544287108,0.0009631092454084995,0.11400616028211408,0.011496286817300305,0.7565251228947117,2470754.813423456,25722530.774235927
Rates -200bp,24,0.010092690854964127,0.0009414914372808252,0.1146104916375631,0.01123957765430994,0.7481865704807192,2384048.065926646,25532687.289791998
Rates -200bp,25,0.010085260669137782,0.0009245239042336567,0.1145307401686596,0.011038047206999302,0.7399582258243687,2310690.0284332447,25183087.35197214
Rates -200bp,26,0.010406930543023546,0.000907182082955176,0.11797734351316369,0.010832032275061909,0.7315954712471037,2237943.922107783,25649755.44366255
Rates -200bp,27,0.01065823368017067,0.0008877437710939201,0.12066142540270608,0.010601064988563502,0.7231576706211005,2160904.4267928833,25920743.222360425
Rates -200bp,28,0.010670993194994911,0.0008643805153691692,0.12079750542835499,0.010323395847428252,0.714824717081294,2075581.581118439,25601424.127247583
Rates -200bp,29,0.01065123211247928,0.0008467734876212221,0.12058674558938742,0.010114091499680788,0.7066143345094745,2005806.8268815586,25208894.30670323
Rates -200bp,30,0.010667584749936874,0.0008342545673060454,0.12076115630492334,0.009965247580650649,0.6984955000750108,1949482.3311476635,24907167.930252656
Rates -200bp,31,0.010562739119688141,0.0008108661151527401,0.11964236428336805,0.009687115206044705,0.6905592859807296,1869228.8141587111,24329745.770296138
Rates -200bp,32,0.010209129429586987,0.0007971530831658487,0.11585941854700443,0.009524008339592327,0.6829666240830802,1813006.20662823,23200638.287494488
Rates -200bp,33,0.010193744371945009,0.0007796983784372785,0.11569449017074418,0.009316361287858288,0.6754796821881281,1750189.2106430205,22864060.41690336
Rates -200bp,34,0.010213962959466335,0.0007587616256600827,0.11591122834157119,0.009067237979950349,0.6680751302311525,1681025.3731136732,22611716.81593971
Rates -200bp,35,0.010238525061306776,0.0007425617709940125,0.11617446238305673,0.008874438913033522,0.660746017731979,1623706.8584972448,22371228.08517603
Rates -200bp,36,0.010307144510247746,0.0007229348381065247,0.11690948191197548,0.008640807149532304,0.653464685059878,1560169.9637994538,22227828.82983886
Rates -200bp,37,0.010353443999248854,0.0007071608518922269,0.11740510381377334,0.008453002851600222,0.6462434847602273,1506129.8274513213,22035444.378972426
Rates -200bp,38,0.01060994207575203,0.0006998810012074578,0.12014622136485231,0.008366318311929577,0.6389412530763695,1471030.410584818,22284679.817186855
Rates -200bp,39,0.010847162721336828,0.0006907329809824874,0.12267437850771667,0.008257378766413193,0.6315758581746164,1432341.9345862693,22477736.915051196
Rates -200bp,40,0.01083397564991904,0.0006900053246793225,0.12253401349786297,0.008248712972749539,0.6243041705072752,1411312.0680281103,22144133.919458874
Rates -200bp,41,0.010784114196893626,0.0006872345692352435,0.12200309521120112,0.008215714897709891,0.6171489804852622,1386471.598432928,21741619.63982688
Rates -200bp,42,0.010767905267254048,0.0006750650026730724,0.12183044121878439,0.008070770567234042,0.6100932150843614,1343399.4439464035,21413986.31589215
Rates -200bp,43,0.010617674547556346,0.0006688174905310875,0.12022873465123018,0.00799635269441168,0.6032134481322926,1312889.8185678297,20828572.51926502
Rates -200bp,44,0.01023062712888441,0.0006665422928603404,0.11608982743725038,0.007969250175973053,0.5966459661679824,1290842.2720598802,19799679.131432906
Rates -200bp,45,0.010185862851475507,0.0006613819186159056,0.11560998906139075,0.00790777645723506,0.5901796894508756,1264120.4811198525,19455690.31789434
Rates -200bp,46,0.010174685453265428,0.0006574259143311269,0.11549013876308634,0.007860647608598947,0.5837924173486729,1240196.5524647844,19181346.134314984
Rates -200bp,47,0.010164024230710549,0.0006516759326905669,0.11537580931537839,0.007792143008741648,0.5774838335352238,1213345.555990919,18911910.409483485
Rates -200bp,48,0.01020021606266506,0.0006499253501389507,0.11576387036628799,0.007771285914715986,0.5712235027056911,1194338.7000614281,18732297.587921288
Rates -200bp,49,0.010208152553465154,0.0006486295829582658,0.11584894723792671,0.007755847401968441,0.5650273099005865,1176391.1259895603,18502071.354650646
Rates -200bp,50,0.01045512533372095,0.0006417485001660007,0.11849267670323804,0.0076738585487016175,0.5587629172161163,1148689.6899727108,18702010.94597963
Rates -200bp,51,0.010694281346659026,0.0006350057593979756,0.12104582343314718,0.007593512031683014,0.5524381975374533,1121470.3598850663,18874952.77983641
Rates -200bp,52,0.01068332086609166,0.0006366854067800908,0.12092896151224752,0.007613527272086862,0.5461902431310081,1109174.8451802526,18599650.830846664
Rates -200bp,53,0.010636114266503793,0.0006288056317875128,0.12042547645608126,0.007519626031713633,0.5400429140102506,1080575.9819594142,18266221.058609568
Rates -200bp,54,0.010624807404690986,0.0006264320702305823,0.12030484315366419,0.007491339316459289,0.5339721674177902,1061928.946812807,17999912.794004396
Rates -200bp,55,0.010479883318468433,0.0006264917835120828,0.11875729947046598,0.007492050953405438,0.5280469493414142,1047659.28860152,17514146.107064135
Rates -200bp,56,0.01009632643149636,0.0006198914800734685,0.11464951148844316,0.007413388572988788,0.5223933564107972,1022731.757161627,16647160.200718649
Rates -200bp,57,0.010053328843857404,0.0006195127636227495,0.11418792680780054,0.007408874859031633,0.5168228784138356,1008796.2100765714,16360400.756360669
Rates -200bp,58,0.010042998431800993,0.0006175245359390956,0.11407699563290885,0.0073851779535235584,0.5113181713533628,992494.3543616974,16131284.532409253
Rates -200bp,59,0.010031611323636854,0.000613704739257982,0.11395470257206752,0.007339649840676032,0.5058798405807834,973540.014788232,15903708.842561357
Rates -200bp,60,0.010072556144474104,0.0006103768563366726,0.11439436163381156,0.007299983281983113,0.5004802420438863,955683.2320233863,15761242.120819721
HPI -20%,1,0.0231962779878666,0.0016767729879070988,0.24545061528431156,0.01993674564668746,0.9751658777390205,5858947.432319795,80916075.82256673
HPI -20%,2,0.015236376382445576,0.0017037704440997356,0.1682669238582123,0.020254742211234467,0.9586715682294201,5795163.29548677,51736342.276302546
HPI -20%,3,0.010814451661969454,0.0016905473262621223,0.12232615967161986,0.020099002095684604,0.9467007403107982,5642876.35003709,36036523.54378102
HPI -20%,4,0.008602310611511068,0.0016444360711679845,0.09848111545384175,0.019555732327962372,0.937013530663864,5410739.756518623,28257908.461769573
HPI -20%,5,0.007929992765393324,0.001661322487551179,0.09111729318646455,0.019754715343260898,0.9280388051328986,5400655.962868799,25736130.88718038
HPI -20%,6,0.0078613068550833,0.0016911758935915402,0.09036188826954672,0.020106405791427195,0.9191862489241388,5435225.489200912,25222518.270773858
HPI -20%,7,0.007846291847689386,0.001678065573982925,0.09019667717565549,0.01995197286441308,0.9104439119760431,5331964.070997894,24889338.696453393
HPI -20%,8,0.007668482107797497,0.0017103264977889922,0.08823813253454382,0.020331950121907916,0.9019173001066945,5372980.473857148,24049288.118974112
HPI -20%,9,0.007697737657089138,0.0017344995920854631,0.08856064293382238,0.020616578383065076,0.8934226101667423,5388009.193089137,23870597.74817952
HPI -20%,10,0.007765991715811287,0.0017831939319465605,0.08931266266091464,0.021189704109535468,0.8849039640646333,5477008.20098166,23810395.75732671
HPI -20%,11,0.007802388000917072,0.001842873624882141,0.08971344251126268,0.02189170663701978,0.8763820753970479,5595979.173096985,23648684.64962846
HPI -20%,12,0.007804514766762588,0.0017220796746441587,0.0897368565188763,0.020470348423748064,0.8680452718350139,5169203.9191123415,23386638.162459776
HPI -20%,13,0.007845437504692764,0.001769935897951109,0.09018727595761455,0.021033689326641625,0.8597112116750034,5252493.46817385,23241052.731987584
HPI -20%,14,0.008227676689999765,0.001706390849292839,0.09438456703820541,0.020285602299712546,0.8511833429287162,5005890.437379403,24095632.733093105
HPI -20%,15,0.008546107819176347,0.00171818069948159,0.09786763393817544,0.020424438437201986,0.8424596347627191,4981071.685849415,24732925.26586958
HPI -20%,16,0.008736885134955078,0.0016661233524588443,0.0999485097003,0.019811280124265584,0.8337084851117293,4771595.326626107,24979796.00419636
HPI -20%,17,0.008916612661640197,0.0016157644915721179,0.10190483564355701,0.019217792689881552,0.8249404103673432,4570587.309707305,25182078.062649168
HPI -20%,18,0.00905014740383171,0.0015657896479351753,0.10335583049611041,0.018628505335951284,0.8161955666637959,4374253.187383808,25243269.598053876
HPI -20%,19,0.009126160461110271,0.001510998055187802,0.10418083188854466,0.017982047442285487,0.8075260060678424,4168406.249687162,25138393.44257966
HPI -20%,20,0.008973722544653681,0.0014584223730849401,0.1025256575621768,0.0173613669716155,0.7991138086491925,3972934.748104057,24409950.834175445
HPI -20%,21,0.009072484573429683,0.0014070730009663043,0.10359833733888724,0.016754816559198193,0.7907512649256824,3785752.2899570297,24375317.872206353
HPI -20%,22,0.009141051331613217,0.0013609573118287192,0.10434236718213441,0.01620979510012155,0.7824583138180934,3616282.320571954,24256185.98260251
HPI -20%,23,0.009206526248587758,0.0013206285640474495,0.10505231849465868,0.01573294003514969,0.7742325480878394,3465504.8154193843,24127242.82672561
HPI -20%,24,0.009306802893626634,0.0012887528880627585,0.10613862859413081,0.015355885852853968,0.766040298045154,3339704.2201526943,24086783.595456824
HPI -20%,25,0.009420281432247761,0.0012056386114709153,0.10736649858085134,0.014372112583504904,0.757911115145615,3085130.9843715588,24076669.92044133
HPI -20%,26,0.009726964030783741,0.0011768048039319681,0.11067715986430793,0.014030613848203588,0.749657865800966,2973452.6285496084,24548362.08641084
HPI -20%,27,0.009930007509656141,0.001143098787062291,0.11286283235114725,0.01363127266674069,0.7413674709039579,2851111.1372460984,24739062.292428453
HPI -20%,28,0.009960868477344637,0.001110619237446663,0.11319460548098936,0.013246322124251475,0.7331698340236027,2733949.7965166923,24492885.117843747
HPI -20%,29,0.009976878474084103,0.001072397118675096,0.11336667733144312,0.012793133747121432,0.7250788862066356,2605385.9392672195,24212806.02117817
HPI -20%,30,0.009996210253433922,0.0010452243936646683,0.11357441016569758,0.012470838746285184,0.7170827983464145,2506237.059461117,23943841.025381394
HPI -20%,31,0.009914599694807076,0.001019056610016913,0.11269714691057586,0.012160372165102906,0.7092520180125603,2411603.536874574,23439049.143172562
HPI -20%,32,0.009592582377552155,0.0009901641099168287,0.10922788792546356,0.011817474368237546,0.7017552943725242,2312876.2121699327,22384660.42172229
HPI -20%,33,0.009584869573645165,0.0009623319592129671,0.10914464163981297,0.011487057685696134,0.6943625791530958,2219509.048991124,22085136.197194427
HPI -20%,34,0.009611020699111626,0.0009254312841281866,0.10942686859600403,0.011048825488295999,0.6870550144611395,2107530.3866924876,21867396.777472574
HPI -20%,35,0.009626909387350198,0.0009079381316793168,0.10959830172776264,0.010841014696562401,0.6798254253724317,2041660.3559318504,21628162.918589257
HPI -20%,36,0.009686777454029735,0.000877257410725394,0.11024398456217299,0.010476444845137656,0.6726518853807527,1947815.4207092149,21489134.353064716
HPI -20%,37,0.009757428926443785,0.0008492172288828761,0.11100541531855723,0.010143144010559713,0.6655254701870349,1861724.5261673802,21372880.28185749
HPI -20%,38,0.010041358687020635,0.000835032975848433,0.11405938637286062,0.00997450308057124,0.6582952772738958,1807392.8374102549,21715938.82779152
HPI -20%,39,0.010239654453093423,0.0008183184115461468,0.11618656443871911,0.00977574470160436,0.6510240723882642,1748237.2883376991,21857869.11477349
HPI -20%,40,0.010252592415603333,0.0008073845543378523,0.11632519100319927,0.009645706822073441,0.6438318985690092,1702170.4422013515,21597601.132630166
HPI -20%,41,0.010232953735095687,0.000798254674234991,0.11611476032808044,0.009537111899823758,0.6367376700361013,1660744.5249217895,21272354.10018496
HPI -20%,42,0.010232440875964187,0.0007868477659284092,0.11610926436928948,0.009401417636120235,0.6297291848165422,1615468.5207665334,20991581.981824264
HPI -20%,43,0.010111608316653108,0.0007771366576155809,0.11481351139417961,0.009285882835575743,0.6228799661579167,1574533.2528313566,20470905.002586026
HPI -20%,44,0.009761461037069912,0.0007655178033913816,0.11104885248445551,0.009147635008935007,0.6163304123455118,1530765.4310063666,19504534.43446198
HPI -20%,45,0.0097370815731752,0.0007573510519832113,0.1107861874429249,0.009050451708904839,0.60986976048116,1495213.1618562727,19209039.460276105
HPI -20%,46,0.009743462200495859,0.0007485699855892851,0.11085493937669122,0.008945948390906344,0.6034783490475814,1459150.1868920359,18978228.37418735
HPI -20%,47,0.00974904749353628,0.0007396001268128943,0.11091511749994865,0.008839187827713424,0.5971560138332302,1423384.3463099557,18748480.32760997
HPI -20%,48,0.009799235284845323,0.0007321535990183133,0.11145569284014123,0.008750550162668236,0.5908744214260976,1391173.6396253747,18606009.444764048
HPI -20%,49,0.009832342032284079,0.0007205807276707442,0.11181212241505956,0.008612781297544614,0.5846464177749043,1351735.6072939239,18431175.406887345
HPI -20%,50,0.01009728496934158,0.0007118961512659583,0.11465979900371415,0.008509384516574459,0.5783345453607281,1318381.2353295523,18686144.314120244
HPI -20%,51,0.010304088537030463,0.0007069543791287776,0.1168767596775292,0.008450544380891212,0.5719741866980071,1292151.0833733021,18820205.175927565
HPI -20%,52,0.010301146370993091,0.0007013182228988678,0.11684525499826837,0.008383432523805245,0.5656887539097646,1264854.7807939583,18565489.981852468
HPI -20%,53,0.010262248745122465,0.0006939597760416008,0.11642864281980891,0.008295806429954644,0.559498506827361,1234985.5146187008,18250241.479495242
HPI -20%,54,0.010255458718568039,0.0006889925123493618,0.11635589992180528,0.008236651087612845,0.5533826255581065,1209926.4244665552,17997004.344438747
HPI -20%,55,0.010120678228410502,0.0006849639946873469,0.11491083338112074,0.008188672933977292,0.5474103591410272,1186940.0851560812,17525607.982899148
HPI -20%,56,0.009753681100641487,0.0006743571830837209,0.11096503895467191,0.008062339559655518,0.5417090546797009,1153248.885385281,16668965.17990322
HPI -20%,57,0.009713917788544408,0.0006733016414518323,0.11053655425541675,0.00804976663005652,0.5360892123931175,1136775.7571611837,16389550.544929422
HPI -20%,58,0.009705517477615196,0.0006681629813219347,0.11044600929177562,0.00798855614560523,0.5305349617089758,1113760.8499056464,16167317.114366334
HPI -20%,59,0.009696907069324565,0.0006598888404734046,0.11035319096971308,0.007889989292488186,0.5250472140299337,1085988.0261915163,15947800.924985874
HPI -20%,60,0.009739042598768125,0.0006574432448159218,0.11080731821963952,0.007860854075386503,0.5195953802995391,1068215.693347813,15813621.29786003
Unemployment +4pt,1,0.0231962779878666,0.0016767729879070988,0.24545061528431156,0.01993674564668746,0.9751658777390205,5858947.432319795,80916075.82256673
Unemployment +4pt,2,0.015298743758651877,0.0017571883697702548,0.16889881086241232,0.020883660459117825,0.9585595685749501,5976857.726939597,51945336.02517716
Unemployment +4pt,3,0.010921729232892629,0.00185211409921314,0.12346768759181614,0.022000359563429828,0.9463343370712217,6181447.556337738,36383857.99261606
Unemployment +4pt,4,0.008762161049200913,0.001670413114374212,0.10022387272443822,0.019861820453128454,0.9364755226858195,5494085.151120421,28771113.392755836
Unemployment +4pt,5,0.008140035802353927,0.0017028158411773987,0.09342377160041149,0.02024349978546036,0.927271109116362,5532363.981002535,26401537.8485424
Unemployment +4pt,6,0.008148134214215388,0.00173011573848189,0.09351259258229161,0.02056496593436219,0.918124648267923,5555771.822065961,26120133.21038537
Unemployment +4pt,7,0.008197505851333305,0.001780155350351226,0.09405391353774828,0.021153949415040563,0.9089776986068314,5649813.304280564,25970728.24264425
Unemployment +4pt,8,0.008086792550513065,0.0018356762505826768,0.0928396167186758,0.021807069573341664,0.8999724327548652,5757474.251567699,25317117.713112287
Unemployment +4pt,9,0.008184068625317002,0.0019212715508008414,0.09390661433803804,0.022813187348210695,0.8908927282777774,5955316.393859596,25319209.93684014
Unemployment +4pt,10,0.008331231255842198,0.0020115741384897265,0.09551861896101377,0.023873607901898186,0.8816941557752271,6160962.523592644,25465207.408139862
Unemployment +4pt,11,0.008476068508088574,0.0020921563921087205,0.09710258432413288,0.024818992116388383,0.8723928394146799,6329879.38938193,25590936.772962578
Unemployment +4pt,12,0.008653489831122107,0.0021716667517365303,0.09903942946510058,0.02575097825440953,0.8629666266199825,6489044.798841368,25800891.313664205
Unemployment +4pt,13,0.008827134942702486,0.0021596127356130366,0.1009313625011109,0.025609738804876936,0.8535032433189578,6371379.205439214,25985939.17343146
Unemployment +4pt,14,0.009221367170774564,0.002125888951365079,0.10521316842074246,0.025214490392440947,0.8438365531712949,6191462.9126500515,26799319.798354447
Unemployment +4pt,15,0.009544959411604903,0.0020961344320112522,0.10871376701095237,0.024865640398793132,0.8340318390291642,6024275.3120485125,27374643.37417793
Unemployment +4pt,16,0.00969203980487448,0.0020642266486329344,0.1103007189937395,0.024491417798157777,0.824245168766388,5852521.793157615,27422272.33002799
Unemployment +4pt,17,0.009803884518478443,0.002020388428849178,0.11150575472916491,0.023977057320264228,0.8145172784379074,5650225.594629678,27362184.778621588
Unemployment +4pt,18,0.009942712685609407,0.0019789692597726553,0.11299943406714541,0.02349085153393604,0.8048249729508753,5458597.8774733925,27370746.14011142
Unemployment +4pt,19,0.009971067693256093,0.0019518143371918782,0.11330422790230887,0.023171968487239014,0.7952471350122866,5309390.269443281,27070689.646604143
Unemployment +4pt,20,0.009766049096050035,0.0019045376049272704,0.11109827641053593,0.022616565193085414,0.7859835462052365,5109224.150106601,26149078.483329944
Unemployment +4pt,21,0.009836027199868872,0.0018711820685358622,0.11185178908141091,0.0222245328527525,0.776799169370805,4951616.021409078,25979885.231761508
Unemployment +4pt,22,0.009872013229620284,0.001841846782131792,0.11223905269769974,0.021879631955794676,0.7677169213242585,4807612.556267539,25720597.211995415
Unemployment +4pt,23,0.009902698611492948,0.0018092299701103634,0.11256915112356214,0.021496018568084807,0.758742297381656,4658085.443231866,25449589.906101383
Unemployment +4pt,24,0.009979215686406353,0.0017656386157307643,0.11339179460447246,0.020983115885342962,0.7498475033895429,4483834.763517611,25297447.641474057
Unemployment +4pt,25,0.009984209843620246,0.0017307182172051929,0.1134454630282542,0.020572059248337604,0.7410793638002001,4335001.7390085105,24964583.14742574
Unemployment +4pt,26,0.010293177367891771,0.0016993889892738478,0.11675991783259021,0.02020314053528338,0.7322084031416539,4198357.668435806,25386184.248345282
Unemployment +4pt,27,0.01052638955651807,0.0016594699228209707,0.1192541789967203,0.01973288724324429,0.7233021834030512,4042531.1246740865,25600127.47302883
Unemployment +4pt,28,0.010522838800228473,0.001613876376750303,0.11921625124861646,0.019195534541743164,0.714539560277055,3875807.0388770425,25230353.543927196
Unemployment +4pt,29,0.01048537004796349,0.0015746560506640717,0.11881593386647027,0.01873307879512609,0.7059375679276721,3728227.200721493,24786546.624407627
Unemployment +4pt,30,0.010480291672243049,0.001541739768838861,0.11876166350058925,0.018344801200592786,0.6974657728139405,3598997.053813572,24427200.64781306
Unemployment +4pt,31,0.010352989735506975,0.0015073916367771422,0.1174002422978736,0.01793948347246266,0.6892080599837423,3469462.9010157017,23792867.396687314
Unemployment +4pt,32,0.009983709238160757,0.0014798345523652089,0.11344008353495616,0.01761419113524698,0.6813210862169247,3358777.6080258423,22626472.399399973
Unemployment +4pt,33,0.009943352027210386,0.00144333987177905,0.11300630754028707,0.017183244636993833,0.6735764130143113,3231751.898442083,22231815.58959695
Unemployment +4pt,34,0.009932222712315681,0.0013979997526447545,0.11288665084210237,0.016647605623032913,0.6659574704760491,3088209.320613648,21909805.172664702
Unemployment +4pt,35,0.009922575294057288,0.0013566664395364284,0.11278291476582347,0.016159069049439423,0.6584583620728378,2956806.163664522,21596560.15626238
Unemployment +4pt,36,0.009953402242419663,0.0013289336820306147,0.11311434959820055,0.015831158707725,0.6510414379174163,2857726.7582135256,21375260.46616656
Unemployment +4pt,37,0.009932262326976306,0.0012963780215300325,0.11288707678489984,0.015446094840136704,0.643742845336696,2750492.4159256583,21045710.8202843
Unemployment +4pt,38,0.010197757378492527,0.0012833953466607584,0.11573751246504949,0.015292499035853058,0.6363638155793124,2686700.713565866,21320911.92146613
Unemployment +4pt,39,0.010427223567500423,0.0012675468576695843,0.11819436470273148,0.01510496850232268,0.6289335615070989,2617503.2634792756,21505079.69458806
Unemployment +4pt,40,0.010414644791588124,0.0012624227976624392,0.11805984833868932,0.015044329996353412,0.6216012290668536,2570950.695573992,21182868.584655378
Unemployment +4pt,41,0.010369347812734983,0.0012511602526984631,0.11757529043992154,0.014911036176394776,0.6143894083390815,2512872.280458411,20800089.62724201
Unemployment +4pt,42,0.010353786045711404,0.0012388365632999452,0.11740876436777237,0.014765164615702653,0.60727834869443,2453917.1049559917,20483619.791082725
Unemployment +4pt,43,0.010210070133992014,0.001227291978875607,0.11586950201756552,0.014628497108664096,0.6003437021534611,2397669.837811432,19922180.746290065
Unemployment +4pt,44,0.009839072531817254,0.0012215562772463443,0.11188456741442687,0.014560590061480916,0.5937141312401562,2354038.9734072406,18937536.88120719
Unemployment +4pt,45,0.009797635914069344,0.0012150771699487683,0.1114384705821111,0.014483876405706697,0.5871861559268807,2310590.1432074327,18608541.269655127
Unemployment +4pt,46,0.009787004966263863,0.0012082574734967775,0.11132398720707792,0.014403124206980644,0.5807402208911253,2267322.7194553483,18343347.84375695
Unemployment +4pt,47,0.009776935090897288,0.0011950993230362258,0.1112155334831596,0.014247301072120355,0.5743785129748911,2213069.9970476106,18083169.224745896
Unemployment +4pt,48,0.009812725701794627,0.0011935304394568825,0.11160094744454774,0.014228720331288636,0.5680668658566449,2181056.552588218,17910364.8424694
Unemployment +4pt,49,0.009794089220332609,0.0011929515340629753,0.11140027817446707,0.014221864106613746,0.5618356519367178,2151187.614468542,17640104.07831592
Unemployment +4pt,50,0.01005005512067718,0.0011790498266501608,0.11415277392920331,0.014057207098959745,0.5555370807456562,2098035.7940636114,17862277.056727484
Unemployment +4pt,51,0.010281559525310053,0.0011686357318356829,0.11663549302482601,0.013933842158946885,0.5491864993200672,2051509.923532902,18027920.17540808
Unemployment +4pt,52,0.010271186756762541,0.0011728559367193982,0.11652438913835816,0.013983836237964953,0.5429120026602507,2030722.0522820787,17763018.846668385
Unemployment +4pt,53,0.010228633373158602,0.0011555262286374072,0.11606846099928225,0.01377852740494967,0.5367415562038133,1973305.4845430595,17447371.112222604
Unemployment +4pt,54,0.01021801065851609,0.0011510755088668832,0.11595461280641162,0.01372579243254568,0.5306493616161341,1938866.1421713158,17191357.463762186
Unemployment +4pt,55,0.01007960094975332,0.0011526838637983567,0.1144699874804389,0.01374484954797306,0.5246988433151214,1915070.9502349957,16726963.171546835
Unemployment +4pt,56,0.009711791322204196,0.0011432267829054321,0.11051363437660078,0.013632789412626245,0.5190127297870711,1873666.192493604,15898728.43893663
Unemployment +4pt,57,0.009672106879764037,0.0011402426734702644,0.11008580072697871,0.013597427272903473,0.5134103248614063,1844175.3243967853,15625377.543907408
Unemployment +4pt,58,0.009662406947077488,0.0011402445513155716,0.109981198125085,0.013597449526014715,0.5078734358562211,1819957.0161743872,15404690.079214813
Unemployment +4pt,59,0.009651606095301123,0.0011311814469233392,0.10986471011688825,0.013490043271383811,0.5024063319259165,1781772.4446409012,15185462.018683594
Unemployment +4pt,60,0.009692210038896611,0.0011271210401114127,0.11030255426458524,0.013441920179767641,0.4969797009037319,1752065.6349295871,15049180.569050176
Adverse combined,1,0.0231962779878666,0.0016767729879070988,0.24545061528431156,0.01993674564668746,0.9751658777390205,5858947.432319795,80916075.82256673
Adverse combined,2,0.013147494741885608,0.0018103088797965339,0.14684689514184102,0.021508710063689485,0.9606026175158962,6157540.536063271,44638612.19339633
Adverse combined,3,0.008870256266229016,0.0018711972635686715,0.10140062176762732,0.022224711474935543,0.950300306049978,6258448.100396149,29612142.89980293
Adverse combined,4,0.007841704258927244,0.0018351752132374575,0.09014619415538949,0.021801177406727268,0.9411181885618061,6061291.289668756,25852368.71878066
Adverse combined,5,0.007803092608933473,0.0018769315142609557,0.08972119974864501,0.02229211718191826,0.9320221470576917,6128285.085798144,25429708.876682032
Adverse combined,6,0.007858254897007606,0.0019327101873667554,0.09032830960514937,0.022947569295592163,0.9229112002212765,6238140.190562974,25314789.995936677
Adverse combined,7,0.007855759859671392,0.002046396122433366,0.09030085752501582,0.024282239517904314,0.913787648565646,6528655.176636892,25011087.57747627
Adverse combined,8,0.007678078321859819,0.002149939517440756,0.08834393181496614,0.025496382092543346,0.9048226099025033,6778813.398051396,24157125.894368567
Adverse combined,9,0.007707839095811802,0.002337859310369252,0.08867197594635767,0.027696379416129235,0.8957501359390331,7285645.736189083,23964358.59076614
Adverse combined,10,0.007776762967220114,0.0025205896194317105,0.08943128778206544,0.029831256112320292,0.8865448560702022,7762030.2549656015,23887790.951220904
Adverse combined,11,0.00781412055987611,0.0027259238640370553,0.08984260181599246,0.032225091727256516,0.8772207741264803,8292715.343245438,23707058.619906127
Adverse combined,12,0.00781809277066279,0.0029052985327765284,0.08988632657568241,0.03431185220226585,0.8678353564515889,8729189.29286705,23421805.73220702
Adverse combined,13,0.007860428964387203,0.0030220229376839575,0.09035222953864142,0.03566755285070622,0.8584134814025333,8965967.211382553,23250441.39957188
Adverse combined,14,0.008244121343448839,0.0029416611654993984,0.09456474355904643,0.034734374809027746,0.8488340294011153,8616578.833111107,24077265.626775097
Adverse combined,15,0.00856384167344995,0.0028740755774443994,0.09806124911612435,0.03394891578730708,0.839147848335715,8308950.714906502,24686904.43724221
Adverse combined,16,0.008755466439557285,0.0027885875998388526,0.100150947255366,0.03295456145383413,0.8294831170515071,7954692.336519362,24906094.00841952
Adverse combined,17,0.00893634968784839,0.0027059645924800433,0.10211943457617134,0.03199263957743215,0.8198481724381035,7615553.342063967,25082032.791215733
Adverse combined,18,0.009070719859522134,0.0026239085724475255,0.10357918064436877,0.0310364507291081,0.8102821030600337,7284854.554130951,25117296.63284757
Adverse combined,19,0.009147203444893734,0.00253831655322137,0.1044090971528866,0.030038134802588323,0.8008347863304883,6951579.0301081585,24987467.519727685
Adverse combined,20,0.008994585165830188,0.002457793136773783,0.10275234982949133,0.029098076659933914,0.791683739157089,6639693.583371891,24239024.002492838
Adverse combined,21,0.00909417473917925,0.0023766338936011635,0.1038337623497897,0.028149750652065264,0.7826224507945801,6334724.3468871135,24182174.029272106
Adverse combined,22,0.009163758263193999,0.002304606763562114,0.10458863924881245,0.02730742009285647,0.7736665067199462,6060555.011018012,24042916.965027258
Adverse combined,23,0.009230134890202439,0.002237420447927384,0.10530818288068955,0.026521097837869156,0.7648134316180957,5805101.860530713,23894475.48617781
Adverse combined,24,0.009331368818027538,0.002185639540248233,0.1064045700957923,0.025914676879056575,0.7560238093000455,5594783.259879794,23834159.03793068
Adverse combined,25,0.009444206631296626,0.002037798858560827,0.10762517858859544,0.024181366284990347,0.7473608658503145,5146148.52950298,23801294.32833156
Adverse combined,26,0.009752009969161533,0.0020034300141806185,0.1109470348511864,0.023778014991740593,0.7385932819759937,4991394.805088674,24247721.323818147
Adverse combined,27,0.009956484878514995,0.0019445830832036932,0.11314748620699822,0.023087035035815884,0.7298208667976598,4778334.42157314,24418036.172879316
Adverse combined,28,0.00998811787607071,0.0018884953484019685,0.1134874576151701,0.02242803626946166,0.7211702152157673,4576144.233065253,24157195.02355157
Adverse combined,29,0.010005640226939942,0.0018251437298834098,0.11367572531636827,0.02168320096782972,0.7126547354914525,4361346.922120869,23865749.172435
Adverse combined,30,0.01002565997192048,0.0017771354117549526,0.11389078123941032,0.02111841290466987,0.7042594891550623,4187928.054077156,23584092.834239982
Adverse combined,31,0.009944711406031842,0.0017334448530616192,0.11302092187174673,0.020604160845847375,0.6960505945422922,4028574.4589048424,23071725.230690807
Adverse combined,32,0.009622106137252543,0.0016830727778689117,0.10954647960735908,0.02001095782408102,0.6881963223148665,3857952.3643900505,22018744.05542288
Adverse combined,33,0.00961542862079613,0.0016243675904363288,0.10947443149027103,0.019319204945110857,0.6804752371991386,3673750.520769053,21711406.84890841
Adverse combined,34,0.009642046714602375,0.0015712372890634956,0.10976159981043754,0.018692757933440385,0.6728585103204344,3506406.904050572,21483589.74057506
Adverse combined,35,0.009658664652096145,0.0015260563572836719,0.1099408387711418,0.018159751510655187,0.6653459844644815,3360416.046211959,21236175.2664405
Adverse combined,36,0.00971927765620364,0.0014848852269758936,0.11059432258552115,0.017673818249881346,0.6579041501561762,3226450.086788375,21087286.41296839
Adverse combined,37,0.00978768452088835,0.001437901669928613,0.11133130565211247,0.017119012936894107,0.6505313995623698,3082885.631499732,20954787.738035657
Adverse combined,38,0.010072429535386965,0.0014061064343529822,0.11439300243358763,0.016743395965271746,0.6430769171969845,2974597.6215213034,21278116.11948233
Adverse combined,39,0.010271835823930485,0.001388165230803703,0.11653134174521351,0.016531387256482843,0.635591195001145,2896790.5616742717,21405270.103557542
Adverse combined,40,0.010285167120697322,0.0013749030091428872,0.11667413138137617,0.016374642491004066,0.6281925846166987,2829628.048696973,21138351.653429665
Adverse combined,41,0.010267485227422856,0.0013524932206710977,0.11648473854172425,0.016109731580129738,0.6209051482063414,2745166.95289554,20811815.8258446
Adverse combined,42,0.010267393083592456,0.001333504583408787,0.11648375148082657,0.015885211646149644,0.6137140289365713,2669421.324673352,20525950.713390272
Adverse combined,43,0.010147544801978528,0.0013318855531382593,0.11519905959178389,0.015866066205549645,0.6066807089974708,2629552.2025661655,20007694.621623944
Adverse combined,44,0.009796615326854424,0.0013135549133249387,0.11142748059004126,0.01564927795699156,0.5999516947595155,2558018.500347361,19052881.160652798
Adverse combined,45,0.00977311409890525,0.0012926010671382366,0.1111743777816887,0.015401412604528208,0.5933238586146939,2483804.3621752486,18755304.167844683
Adverse combined,46,0.009779911300028848,0.0012905625783672743,0.11124758886314945,0.015377296043076694,0.5867665422320634,2447054.871578487,18519903.08233907
Adverse combined,47,0.009785926612006102,0.0012794790747048224,0.11131237378685188,0.015246161980573492,0.5802847131164279,2393879.9928474496,18285848.425691947
Adverse combined,48,0.00983684018022198,0.0012671606704595787,0.11186053967794296,0.015100398453492536,0.5738521064692358,2339388.978401187,18137427.94155003
Adverse combined,49,0.00986712844080902,0.001252072495295697,0.11218649412987258,0.014921833312547927,0.5674822997914785,2280760.1768002603,17951337.769201502
Adverse combined,50,0.010133015452979363,0.0012379292371334186,0.11504319855030609,0.014754424104210129,0.5610406812736177,2224914.817594795,18189397.518889908
Adverse combined,51,0.010341386338505888,0.0012303116559829414,0.11727605479608016,0.014664246435023176,0.5545597118247386,2181144.0546067385,18311053.33656422
Adverse combined,52,0.010338920353765825,0.0012236058437728318,0.11724966007473914,0.014584856113828426,0.5481587606385414,2139286.487004104,18053893.01492342
Adverse combined,53,0.010302306009509743,0.0012117598492803058,0.1168576725168472,0.014444596685081357,0.541858173410514,2089299.8996063853,17741571.7064109
Adverse combined,54,0.010296127908153058,0.0012045006615914323,0.11679151497994456,0.014358637110986727,0.5356373210730263,2048160.0542836897,17486679.679767996
Adverse combined,55,0.01016232096520147,0.0011891425765540669,0.11535754248124142,0.014176751900485174,0.5295676111235817,1994177.5040409132,17021822.043311477
Adverse combined,56,0.009794465170327537,0.0011825959892501502,0.11140432664591737,0.014099211566558245,0.5237647008997232,1956136.750997445,16181904.659713171
Adverse combined,57,0.009755879390473891,0.0011795410804704223,0.11098872194282916,0.014063026122118738,0.5180471396283912,1925162.8979112448,15904069.483971532
Adverse combined,58,0.009748039389315746,0.0011729716462208996,0.11090425606844556,0.013985206941995565,0.5123994806987879,1889061.9364988059,15680728.824594244
Adverse combined,59,0.009740028136824824,0.0011580672999035016,0.11081793758324388,0.013808634482243565,0.5068250919005292,1840337.267050802,15460395.506113272
Adverse combined,60,0.009783209799863206,0.001145858602947589,0.1112831142499553,0.013663975906358261,0.5012955777346063,1796817.2711987197,15323441.8755772
