scenario,month,smm,mdr,cpr_annual,cdr_annual,survival
Base,1,0.009968373228747364,0.0011430307585530543,0.11327526867528004,0.013630466530616503,0.988900055949911
Base,2,0.010272793206178658,0.0011093565995592349,0.11654159683635035,0.013231354445965682,0.9776556891065011
Base,3,0.010529998081182665,0.0010721871801779588,0.11929272226947452,0.012790644041583143,0.9663241254486226
Base,4,0.010527203229661301,0.0010333559594663116,0.11926287011456427,0.012330037287959783,0.9551638844342962
Base,5,0.010489460977141806,0.0010013856318588131,0.1188596495977634,0.011950664971014047,0.9441989038103532
Base,6,0.010485219616727213,0.000982902454839592,0.11881432631809952,0.01173127548669295,0.9333812166736144
Base,7,0.010358020935987564,0.00094937724041542,0.11745408467341478,0.011333227803722479,0.9228371748243098
Base,8,0.009988608894240419,0.0009298783021194575,0.11349273382552483,0.011101647683625426,0.9127707717783143
Base,9,0.009946611723669709,0.000905814646246669,0.11304135132709958,0.010815785919392584,0.9028743258228087
Base,10,0.00993871776714778,0.0008776375254780697,0.11295648414548942,0.010480962388758952,0.8931176008561426
Base,11,0.009929425711630432,0.0008566522432106603,0.11285657659559867,0.01023153065448501,0.8834932683851906
Base,12,0.009962692947992735,0.0008325263421124151,0.11321421602723136,0.009944698205894609,0.8739644602688899
Base,13,0.009943150986994014,0.0008066535443557285,0.11300414618998411,0.009637012260772404,0.8645779948009701
Base,14,0.010210243221099976,0.0007926668217306576,0.11587135733784115,0.009470642070809832,0.855073737480986
Base,15,0.010439774661022078,0.0007794677840542689,0.11832856628829902,0.00931361779229034,0.8454891308163015
Base,16,0.010428311787173005,0.000769821447048805,0.11820600114777435,0.009198844304377563,0.8360298165784308
Base,17,0.010381777910900138,0.0007665217774643189,0.11770828391223243,0.009159581569286201,0.8267180072330272
Base,18,0.010365777911007295,0.0007505633377918935,0.11753709155848291,0.008969672127008721,0.8175362731959328
Base,19,0.010221234125326354,0.000741294998356617,0.11598916150442817,0.008859361242991137,0.8085821593295202
Base,20,0.00984398649509693,0.0007363671266398198,0.11193745636267594,0.008800705605062853,0.800034929498818
Base,21,0.009801191927884003,0.0007304054670951223,0.11147676184190913,0.00872974070918997,0.7916170434447776
Base,22,0.009790367572483461,0.0007246741301971739,0.11136020016357728,0.008661513078931926,0.7833008810165781
Base,23,0.009780148014551843,0.0007149599853726635,0.11125013836092901,0.008545863023946443,0.7750877075944455
Base,24,0.009816041916811574,0.000712276229310871,0.11163665060602723,0.008513909854461543,0.7669349677628295
Base,25,0.009799956129335062,0.000709962956933086,0.11146345489881937,0.008486366957259572,0.7588822471550477
Base,26,0.01005734755130773,0.000701317696478648,0.11423107749704275,0.008383426255324622,0.7507255971889478
Base,27,0.010287724950761417,0.0006929361499656136,0.11670152551883217,0.008283616290591933,0.7424901474253138
Base,28,0.010276646877404122,0.0006947760776026872,0.11658287469912498,0.008305527488510656,0.7343520248639342
Base,29,0.010232221538327299,0.0006834402873268589,0.11610691386903593,0.008170525588986677,0.7263439723933952
Base,30,0.010221483482974714,0.000680399912671535,0.1159918340356959,0.008134313836528961,0.7184333259495136
Base,31,0.010081677441547643,0.0006809986366279705,0.11449227744951918,0.008141444910002349,0.7107088346173597
Base,32,0.009713305181431937,0.0006736371088703662,0.11052995139391897,0.008053762516930019,0.7033342435056492
Base,33,0.009672034592319658,0.0006699772860430286,0.1100850212318304,0.008010168102807413,0.6960677427907999
Base,34,0.009661754123330514,0.0006678043398047957,0.10997415776810182,0.007984283964795447,0.6888850535512693
Base,35,0.009651205556964937,0.0006625517077743049,0.10986039001172221,0.00792171204905101,0.6817874007861557
Base,36,0.009691473147155735,0.0006592010769317586,0.11029460990559503,0.007881795809570491,0.6747377112792594
Base,37,0.00967884666564472,0.0006616770706165385,0.11015847491941155,0.007911292593090757,0.66776795215515
Base,38,0.009924903244242072,0.0006546407743431351,0.11280794760163726,0.007827466322276821,0.6607108621159351
Base,39,0.010160127102294223,0.0006556477078325262,0.11533401367881169,0.007839462730193425,0.6535725458322961
Base,40,0.010155636435275422,0.000656119339595096,0.11528585025836857,0.007845081612700477,0.6465141035319476
Base,41,0.010118664299899015,0.0006548882401958482,0.11488922436820725,0.007830414594187873,0.639556609317815
Base,42,0.010114366159710548,0.0006489890292041113,0.11484310464561465,0.007760130072595017,0.632680568241438
Base,43,0.009980132417965281,0.0006467445796187475,0.11340164624713411,0.007733387998792418,0.6259647864729075
Base,44,0.009619264203223588,0.00064513828509586,0.10951581676502875,0.007714248982562122,0.619547084364864
Base,45,0.009586764079816335,0.0006414998557720365,0.10916509019516685,0.00767089580733038,0.6132175598841486
Base,46,0.009582788252220538,0.0006448751829940447,0.10912217617800235,0.007711114085984128,0.6069532054056798
Base,47,0.009578455523401174,0.000644715222998305,0.10907540770690238,0.007709208136897017,0.6007556885228603
Base,48,0.00963022041815234,0.0006448527979824197,0.10963402272949196,0.007710847365170803,0.5945903103734285
Base,49,0.009629741554680544,0.0006377903241151881,0.10962885660000377,0.007626693635106929,0.5884928773711905
Base,50,0.009875465509371928,0.0006404896685710672,0.11227619626391849,0.007658858760767218,0.5823122204990548
Base,51,0.010110466189803113,0.0006374601239109403,0.11480125544678144,0.007622758936027485,0.5760616533380356
Base,52,0.010106904724716058,0.0006345972978716059,0.11476303703915869,0.007588644611481898,0.5698819735988253
Base,53,0.010070138940908772,0.0006337841492602207,0.11436841163673739,0.007578954683956307,0.5637900359591255
Base,54,0.010065975078572728,0.0006336424776876012,0.11432370867175212,0.007577266438455799,0.5577657685852196
Base,55,0.009930173963867436,0.0006292833524815746,0.1128646221346834,0.007525319137570041,0.5518840092020306
Base,56,0.009569152179003126,0.0006252490955382088,0.10897497766368291,0.007477241041588312,0.5462656206173412
Base,57,0.009539000389699537,0.0006265746280242274,0.10864941634720171,0.007493038257535556,0.5407202102486447
Base,58,0.009534960223226306,0.0006248142385423643,0.10860578471862559,0.007472058523244951,0.5352343350929336
Base,59,0.00953116754251161,0.0006256315132456228,0.10856482402179402,0.0074817985809358944,0.529805838703922
Base,60,0.009588126168320514,0.000624292363617909,0.1091797917775088,0.007465838913959355,0.5244029530374518
Base,61,0.009588126168320514,0.000624292363617909,0.1091797917775088,0.007465838913959355,0.5190506695696716
Base,62,0.009588126168320514,0.000624292363617909,0.1091797917775088,0.007465838913959355,0.5137530138231
Base,63,0.009588126168320514,0.000624292363617909,0.1091797917775088,0.007465838913959355,0.5085094282435748
Base,64,0.009588126168320514,0.000624292363617909,0.1091797917775088,0.007465838913959355,0.5033193609675729
Base,65,0.009588126168320514,0.000624292363617909,0.1091797917775088,0.007465838913959355,0.49818226576412916
Base,66,0.009588126168320514,0.000624292363617909,0.1091797917775088,0.007465838913959355,0.49309760197734803
Base,67,0.009588126168320514,0.000624292363617909,0.1091797917775088,0.007465838913959355,0.488064834469502
Base,68,0.009588126168320514,0.000624292363617909,0.1091797917775088,0.007465838913959355,0.48308343356471073
Base,69,0.009588126168320514,0.000624292363617909,0.1091797917775088,0.007465838913959355,0.4781528749931952
Base,70,0.009588126168320514,0.000624292363617909,0.1091797917775088,0.007465838913959355,0.4732726398361005
Base,71,0.009588126168320514,0.000624292363617909,0.1091797917775088,0.007465838913959355,0.4684422144708823
Base,72,0.009588126168320514,0.000624292363617909,0.1091797917775088,0.007465838913959355,0.4636610905172501
Base,73,0.009588126168320514,0.000624292363617909,0.1091797917775088,0.007465838913959355,0.45892876478366257
Base,74,0.009588126168320514,0.000624292363617909,0.1091797917775088,0.007465838913959355,0.4542447392143692
Base,75,0.009588126168320514,0.000624292363617909,0.1091797917775088,0.007465838913959355,0.4496085208369919
Base,76,0.009588126168320514,0.000624292363617909,0.1091797917775088,0.007465838913959355,0.44501962171064186
Base,77,0.009588126168320514,0.000624292363617909,0.1091797917775088,0.007465838913959355,0.44047755887456636
Base,78,0.009588126168320514,0.000624292363617909,0.1091797917775088,0.007465838913959355,0.435981854297319
Base,79,0.009588126168320514,0.000624292363617909,0.1091797917775088,0.007465838913959355,0.4315320348264492
Base,80,0.009588126168320514,0.000624292363617909,0.1091797917775088,0.007465838913959355,0.427127632138705
Base,81,0.009588126168320514,0.000624292363617909,0.1091797917775088,0.007465838913959355,0.42276818269074434
Base,82,0.009588126168320514,0.000624292363617909,0.1091797917775088,0.007465838913959355,0.4184532276703489
Base,83,0.009588126168320514,0.000624292363617909,0.1091797917775088,0.007465838913959355,0.4141823129481366
Base,84,0.009588126168320514,0.000624292363617909,0.1091797917775088,0.007465838913959355,0.4099549890297663
Base,85,0.009588126168320514,0.000624292363617909,0.1091797917775088,0.007465838913959355,0.4057708110086305
Base,86,0.009588126168320514,0.000624292363617909,0.1091797917775088,0.007465838913959355,0.4016293385190312
Base,87,0.009588126168320514,0.000624292363617909,0.1091797917775088,0.007465838913959355,0.39753013568983325
Base,88,0.009588126168320514,0.000624292363617909,0.1091797917775088,0.007465838913959355,0.39347277109859086
Base,89,0.009588126168320514,0.000624292363617909,0.1091797917775088,0.007465838913959355,0.3894568177261425
Base,90,0.009588126168320514,0.000624292363617909,0.1091797917775088,0.007465838913959355,0.3854818529116689
Base,91,0.009588126168320514,0.000624292363617909,0.1091797917775088,0.007465838913959355,0.38154745830821013
Base,92,0.009588126168320514,0.000624292363617909,0.1091797917775088,0.007465838913959355,0.37765321983863626
Base,93,0.009588126168320514,0.000624292363617909,0.1091797917775088,0.007465838913959355,0.3737987276520678
Base,94,0.009588126168320514,0.000624292363617909,0.1091797917775088,0.007465838913959355,0.3699835760807407
Base,95,0.009588126168320514,0.000624292363617909,0.1091797917775088,0.007465838913959355,0.36620736359731154
Base,96,0.009588126168320514,0.000624292363617909,0.1091797917775088,0.007465838913959355,0.3624696927725989
Base,97,0.009588126168320514,0.000624292363617909,0.1091797917775088,0.007465838913959355,0.3587701702337554
Base,98,0.009588126168320514,0.000624292363617909,0.1091797917775088,0.007465838913959355,0.3551084066228673
Base,99,0.009588126168320514,0.000624292363617909,0.1091797917775088,0.007465838913959355,0.35148401655597616
Base,100,0.009588126168320514,0.000624292363617909,0.1091797917775088,0.007465838913959355,0.34789661858251897
Base,101,0.009588126168320514,0.000624292363617909,0.1091797917775088,0.007465838913959355,0.3443458351451823
Base,102,0.009588126168320514,0.000624292363617909,0.1091797917775088,0.007465838913959355,0.340831292540166
Base,103,0.009588126168320514,0.000624292363617909,0.1091797917775088,0.007465838913959355,0.3373526208778525
Base,104,0.009588126168320514,0.000624292363617909,0.1091797917775088,0.007465838913959355,0.333909454043878
Base,105,0.009588126168320514,0.000624292363617909,0.1091797917775088,0.007465838913959355,0.33050142966060014
Base,106,0.009588126168320514,0.000624292363617909,0.1091797917775088,0.007465838913959355,0.32712818904895963
Base,107,0.009588126168320514,0.000624292363617909,0.1091797917775088,0.007465838913959355,0.3237893771907309
Base,108,0.009588126168320514,0.000624292363617909,0.1091797917775088,0.007465838913959355,0.320484642691158
Base,109,0.009588126168320514,0.000624292363617909,0.1091797917775088,0.007465838913959355,0.31721363774197187
Base,110,0.009588126168320514,0.000624292363617909,0.1091797917775088,0.007465838913959355,0.31397601808478526
Base,111,0.009588126168320514,0.000624292363617909,0.1091797917775088,0.007465838913959355,0.3107714429748609
Base,112,0.009588126168320514,0.000624292363617909,0.1091797917775088,0.007465838913959355,0.3075995751452499
Base,113,0.009588126168320514,0.000624292363617909,0.1091797917775088,0.007465838913959355,0.30446008077129555
Base,114,0.009588126168320514,0.000624292363617909,0.1091797917775088,0.007465838913959355,0.3013526294355003
Base,115,0.009588126168320514,0.000624292363617909,0.1091797917775088,0.007465838913959355,0.2982768940927504
Base,116,0.009588126168320514,0.000624292363617909,0.1091797917775088,0.007465838913959355,0.29523255103589613
Base,117,0.009588126168320514,0.000624292363617909,0.1091797917775088,0.007465838913959355,0.292219279861683
Base,118,0.009588126168320514,0.000624292363617909,0.1091797917775088,0.007465838913959355,0.2892367634370308
Base,119,0.009588126168320514,0.000624292363617909,0.1091797917775088,0.007465838913959355,0.2862846878656568
Base,120,0.009588126168320514,0.000624292363617909,0.1091797917775088,0.007465838913959355,0.28336274245503945
Rates +200bp,1,0.009968373228747364,0.0011430307585530543,0.11327526867528004,0.013630466530616503,0.988900055949911
Rates +200bp,2,0.010272793206178658,0.0011093565995592349,0.11654159683635035,0.013231354445965682,0.9776556891065011
Rates +200bp,3,0.010529998081182665,0.0010721871801779588,0.11929272226947452,0.012790644041583143,0.9663241254486226
Rates +200bp,4,0.010527203229661301,0.0010333559594663116,0.11926287011456427,0.012330037287959783,0.9551638844342962
Rates +200bp,5,0.010489460977141806,0.0010013856318588131,0.1188596495977634,0.011950664971014047,0.9441989038103532
Rates +200bp,6,0.010485219616727213,0.000982902454839592,0.11881432631809952,0.01173127548669295,0.9333812166736144
Rates +200bp,7,0.010358020935987564,0.00094937724041542,0.11745408467341478,0.011333227803722479,0.9228371748243098
Rates +200bp,8,0.009988608894240419,0.0009298783021194575,0.11349273382552483,0.011101647683625426,0.9127707717783143
Rates +200bp,9,0.009946611723669709,0.000905814646246669,0.11304135132709958,0.010815785919392584,0.9028743258228087
Rates +200bp,10,0.00993871776714778,0.0008776375254780697,0.11295648414548942,0.010480962388758952,0.8931176008561426
Rates +200bp,11,0.009929425711630432,0.0008566522432106603,0.11285657659559867,0.01023153065448501,0.8834932683851906
Rates +200bp,12,0.009962692947992735,0.0008325263421124151,0.11321421602723136,0.009944698205894609,0.8739644602688899
Rates +200bp,13,0.009943150986994014,0.0008066535443557285,0.11300414618998411,0.009637012260772404,0.8645779948009701
Rates +200bp,14,0.010210243221099976,0.0007926668217306576,0.11587135733784115,0.009470642070809832,0.855073737480986
Rates +200bp,15,0.010439774661022078,0.0007794677840542689,0.11832856628829902,0.00931361779229034,0.8454891308163015
Rates +200bp,16,0.010428311787173005,0.000769821447048805,0.11820600114777435,0.009198844304377563,0.8360298165784308
Rates +200bp,17,0.010381777910900138,0.0007665217774643189,0.11770828391223243,0.009159581569286201,0.8267180072330272
Rates +200bp,18,0.010365777911007295,0.0007505633377918935,0.11753709155848291,0.008969672127008721,0.8175362731959328
Rates +200bp,19,0.010221234125326354,0.000741294998356617,0.11598916150442817,0.008859361242991137,0.8085821593295202
Rates +200bp,20,0.00984398649509693,0.0007363671266398198,0.11193745636267594,0.008800705605062853,0.800034929498818
Rates +200bp,21,0.009801191927884003,0.0007304054670951223,0.11147676184190913,0.00872974070918997,0.7916170434447776
Rates +200bp,22,0.009790367572483461,0.0007246741301971739,0.11136020016357728,0.008661513078931926,0.7833008810165781
Rates +200bp,23,0.009780148014551843,0.0007149599853726635,0.11125013836092901,0.008545863023946443,0.7750877075944455
Rates +200bp,24,0.009816041916811574,0.000712276229310871,0.11163665060602723,0.008513909854461543,0.7669349677628295
Rates +200bp,25,0.009799956129335062,0.000709962956933086,0.11146345489881937,0.008486366957259572,0.7588822471550477
Rates +200bp,26,0.01005734755130773,0.000701317696478648,0.11423107749704275,0.008383426255324622,0.7507255971889478
Rates +200bp,27,0.010287724950761417,0.0006929361499656136,0.11670152551883217,0.008283616290591933,0.7424901474253138
Rates +200bp,28,0.010276646877404122,0.0006947760776026872,0.11658287469912498,0.008305527488510656,0.7343520248639342
Rates +200bp,29,0.010232221538327299,0.0006834402873268589,0.11610691386903593,0.008170525588986677,0.7263439723933952
Rates +200bp,30,0.010221483482974714,0.000680399912671535,0.1159918340356959,0.008134313836528961,0.7184333259495136
Rates +200bp,31,0.010081677441547643,0.0006809986366279705,0.11449227744951918,0.008141444910002349,0.7107088346173597
Rates +200bp,32,0.009713305181431937,0.0006736371088703662,0.11052995139391897,0.008053762516930019,0.7033342435056492
Rates +200bp,33,0.009672034592319658,0.0006699772860430286,0.1100850212318304,0.008010168102807413,0.6960677427907999
Rates +200bp,34,0.009661754123330514,0.0006678043398047957,0.10997415776810182,0.007984283964795447,0.6888850535512693
Rates +200bp,35,0.009651205556964937,0.0006625517077743049,0.10986039001172221,0.00792171204905101,0.6817874007861557
Rates +200bp,36,0.009691473147155735,0.0006592010769317586,0.11029460990559503,0.007881795809570491,0.6747377112792594
Rates +200bp,37,0.00967884666564472,0.0006616770706165385,0.11015847491941155,0.007911292593090757,0.66776795215515
Rates +200bp,38,0.009924903244242072,0.0006546407743431351,0.11280794760163726,0.007827466322276821,0.6607108621159351
Rates +200bp,39,0.010160127102294223,0.0006556477078325262,0.11533401367881169,0.007839462730193425,0.6535725458322961
Rates +200bp,40,0.010155636435275422,0.000656119339595096,0.11528585025836857,0.007845081612700477,0.6465141035319476
Rates +200bp,41,0.010118664299899015,0.0006548882401958482,0.11488922436820725,0.007830414594187873,0.639556609317815
Rates +200bp,42,0.010114366159710548,0.0006489890292041113,0.11484310464561465,0.007760130072595017,0.632680568241438
Rates +200bp,43,0.009980132417965281,0.0006467445796187475,0.11340164624713411,0.007733387998792418,0.6259647864729075
Rates +200bp,44,0.009619264203223588,0.00064513828509586,0.10951581676502875,0.007714248982562122,0.619547084364864
Rates +200bp,45,0.009586764079816335,0.0006414998557720365,0.10916509019516685,0.00767089580733038,0.6132175598841486
Rates +200bp,46,0.009582788252220538,0.0006448751829940447,0.10912217617800235,0.007711114085984128,0.6069532054056798
Rates +200bp,47,0.009578455523401174,0.000644715222998305,0.10907540770690238,0.007709208136897017,0.6007556885228603
Rates +200bp,48,0.00963022041815234,0.0006448527979824197,0.10963402272949196,0.007710847365170803,0.5945903103734285
Rates +200bp,49,0.009629741554680544,0.0006377903241151881,0.10962885660000377,0.007626693635106929,0.5884928773711905
Rates +200bp,50,0.009875465509371928,0.0006404896685710672,0.11227619626391849,0.007658858760767218,0.5823122204990548
Rates +200bp,51,0.010110466189803113,0.0006374601239109403,0.11480125544678144,0.007622758936027485,0.5760616533380356
Rates +200bp,52,0.010106904724716058,0.0006345972978716059,0.11476303703915869,0.007588644611481898,0.5698819735988253
Rates +200bp,53,0.010070138940908772,0.0006337841492602207,0.11436841163673739,0.007578954683956307,0.5637900359591255
Rates +200bp,54,0.010065975078572728,0.0006336424776876012,0.11432370867175212,0.007577266438455799,0.5577657685852196
Rates +200bp,55,0.009930173963867436,0.0006292833524815746,0.1128646221346834,0.007525319137570041,0.5518840092020306
Rates +200bp,56,0.009569152179003126,0.0006252490955382088,0.10897497766368291,0.007477241041588312,0.5462656206173412
Rates +200bp,57,0.009539000389699537,0.0006265746280242274,0.10864941634720171,0.007493038257535556,0.5407202102486447
Rates +200bp,58,0.009534960223226306,0.0006248142385423643,0.10860578471862559,0.007472058523244951,0.5352343350929336
Rates +200bp,59,0.00953116754251161,0.0006256315132456228,0.10856482402179402,0.0074817985809358944,0.529805838703922
Rates +200bp,60,0.009588126168320514,0.000624292363617909,0.1091797917775088,0.007465838913959355,0.5244029530374518
Rates +200bp,61,0.009588126168320514,0.000624292363617909,0.1091797917775088,0.007465838913959355,0.5190506695696716
Rates +200bp,62,0.009588126168320514,0.000624292363617909,0.1091797917775088,0.007465838913959355,0.5137530138231
Rates +200bp,63,0.009588126168320514,0.000624292363617909,0.1091797917775088,0.007465838913959355,0.5085094282435748
Rates +200bp,64,0.009588126168320514,0.000624292363617909,0.1091797917775088,0.007465838913959355,0.5033193609675729
Rates +200bp,65,0.009588126168320514,0.000624292363617909,0.1091797917775088,0.007465838913959355,0.49818226576412916
Rates +200bp,66,0.009588126168320514,0.000624292363617909,0.1091797917775088,0.007465838913959355,0.49309760197734803
Rates +200bp,67,0.009588126168320514,0.000624292363617909,0.1091797917775088,0.007465838913959355,0.488064834469502
Rates +200bp,68,0.009588126168320514,0.000624292363617909,0.1091797917775088,0.007465838913959355,0.48308343356471073
Rates +200bp,69,0.009588126168320514,0.000624292363617909,0.1091797917775088,0.007465838913959355,0.4781528749931952
Rates +200bp,70,0.009588126168320514,0.000624292363617909,0.1091797917775088,0.007465838913959355,0.4732726398361005
Rates +200bp,71,0.009588126168320514,0.000624292363617909,0.1091797917775088,0.007465838913959355,0.4684422144708823
Rates +200bp,72,0.009588126168320514,0.000624292363617909,0.1091797917775088,0.007465838913959355,0.4636610905172501
Rates +200bp,73,0.009588126168320514,0.000624292363617909,0.1091797917775088,0.007465838913959355,0.45892876478366257
Rates +200bp,74,0.009588126168320514,0.000624292363617909,0.1091797917775088,0.007465838913959355,0.4542447392143692
Rates +200bp,75,0.009588126168320514,0.000624292363617909,0.1091797917775088,0.007465838913959355,0.4496085208369919
Rates +200bp,76,0.009588126168320514,0.000624292363617909,0.1091797917775088,0.007465838913959355,0.44501962171064186
Rates +200bp,77,0.009588126168320514,0.000624292363617909,0.1091797917775088,0.007465838913959355,0.44047755887456636
Rates +200bp,78,0.009588126168320514,0.000624292363617909,0.1091797917775088,0.007465838913959355,0.435981854297319
Rates +200bp,79,0.009588126168320514,0.000624292363617909,0.1091797917775088,0.007465838913959355,0.4315320348264492
Rates +200bp,80,0.009588126168320514,0.000624292363617909,0.1091797917775088,0.007465838913959355,0.427127632138705
Rates +200bp,81,0.009588126168320514,0.000624292363617909,0.1091797917775088,0.007465838913959355,0.42276818269074434
Rates +200bp,82,0.009588126168320514,0.000624292363617909,0.1091797917775088,0.007465838913959355,0.4184532276703489
Rates +200bp,83,0.009588126168320514,0.000624292363617909,0.1091797917775088,0.007465838913959355,0.4141823129481366
Rates +200bp,84,0.009588126168320514,0.000624292363617909,0.1091797917775088,0.007465838913959355,0.4099549890297663
Rates +200bp,85,0.009588126168320514,0.000624292363617909,0.1091797917775088,0.007465838913959355,0.4057708110086305
Rates +200bp,86,0.009588126168320514,0.000624292363617909,0.1091797917775088,0.007465838913959355,0.4016293385190312
Rates +200bp,87,0.009588126168320514,0.000624292363617909,0.1091797917775088,0.007465838913959355,0.39753013568983325
Rates +200bp,88,0.009588126168320514,0.000624292363617909,0.1091797917775088,0.007465838913959355,0.39347277109859086
Rates +200bp,89,0.009588126168320514,0.000624292363617909,0.1091797917775088,0.007465838913959355,0.3894568177261425
Rates +200bp,90,0.009588126168320514,0.000624292363617909,0.1091797917775088,0.007465838913959355,0.3854818529116689
Rates +200bp,91,0.009588126168320514,0.000624292363617909,0.1091797917775088,0.007465838913959355,0.38154745830821013
Rates +200bp,92,0.009588126168320514,0.000624292363617909,0.1091797917775088,0.007465838913959355,0.37765321983863626
Rates +200bp,93,0.009588126168320514,0.000624292363617909,0.1091797917775088,0.007465838913959355,0.3737987276520678
Rates +200bp,94,0.009588126168320514,0.000624292363617909,0.1091797917775088,0.007465838913959355,0.3699835760807407
Rates +200bp,95,0.009588126168320514,0.000624292363617909,0.1091797917775088,0.007465838913959355,0.36620736359731154
Rates +200bp,96,0.009588126168320514,0.000624292363617909,0.1091797917775088,0.007465838913959355,0.3624696927725989
Rates +200bp,97,0.009588126168320514,0.000624292363617909,0.1091797917775088,0.007465838913959355,0.3587701702337554
Rates +200bp,98,0.009588126168320514,0.000624292363617909,0.1091797917775088,0.007465838913959355,0.3551084066228673
Rates +200bp,99,0.009588126168320514,0.000624292363617909,0.1091797917775088,0.007465838913959355,0.35148401655597616
Rates +200bp,100,0.009588126168320514,0.000624292363617909,0.1091797917775088,0.007465838913959355,0.34789661858251897
Rates +200bp,101,0.009588126168320514,0.000624292363617909,0.1091797917775088,0.007465838913959355,0.3443458351451823
Rates +200bp,102,0.009588126168320514,0.000624292363617909,0.1091797917775088,0.007465838913959355,0.340831292540166
Rates +200bp,103,0.009588126168320514,0.000624292363617909,0.1091797917775088,0.007465838913959355,0.3373526208778525
Rates +200bp,104,0.009588126168320514,0.000624292363617909,0.1091797917775088,0.007465838913959355,0.333909454043878
Rates +200bp,105,0.009588126168320514,0.000624292363617909,0.1091797917775088,0.007465838913959355,0.33050142966060014
Rates +200bp,106,0.009588126168320514,0.000624292363617909,0.1091797917775088,0.007465838913959355,0.32712818904895963
Rates +200bp,107,0.009588126168320514,0.000624292363617909,0.1091797917775088,0.007465838913959355,0.3237893771907309
Rates +200bp,108,0.009588126168320514,0.000624292363617909,0.1091797917775088,0.007465838913959355,0.320484642691158
Rates +200bp,109,0.009588126168320514,0.000624292363617909,0.1091797917775088,0.007465838913959355,0.31721363774197187
Rates +200bp,110,0.009588126168320514,0.000624292363617909,0.1091797917775088,0.007465838913959355,0.31397601808478526
Rates +200bp,111,0.009588126168320514,0.000624292363617909,0.1091797917775088,0.007465838913959355,0.3107714429748609
Rates +200bp,112,0.009588126168320514,0.000624292363617909,0.1091797917775088,0.007465838913959355,0.3075995751452499
Rates +200bp,113,0.009588126168320514,0.000624292363617909,0.1091797917775088,0.007465838913959355,0.30446008077129555
Rates +200bp,114,0.009588126168320514,0.000624292363617909,0.1091797917775088,0.007465838913959355,0.3013526294355003
Rates +200bp,115,0.009588126168320514,0.000624292363617909,0.1091797917775088,0.007465838913959355,0.2982768940927504
Rates +200bp,116,0.009588126168320514,0.000624292363617909,0.1091797917775088,0.007465838913959355,0.29523255103589613
Rates +200bp,117,0.009588126168320514,0.000624292363617909,0.1091797917775088,0.007465838913959355,0.292219279861683
Rates +200bp,118,0.009588126168320514,0.000624292363617909,0.1091797917775088,0.007465838913959355,0.2892367634370308
Rates +200bp,119,0.009588126168320514,0.000624292363617909,0.1091797917775088,0.007465838913959355,0.2862846878656568
Rates +200bp,120,0.009588126168320514,0.000624292363617909,0.1091797917775088,0.007465838913959355,0.28336274245503945
Rates -200bp,1,0.009968373228747364,0.0011430307585530543,0.11327526867528004,0.013630466530616503,0.988900055949911
Rates -200bp,2,0.010272793206178658,0.0011093565995592349,0.11654159683635035,0.013231354445965682,0.9776556891065011
Rates -200bp,3,0.010529998081182665,0.0010721871801779588,0.11929272226947452,0.012790644041583143,0.9663241254486226
Rates -200bp,4,0.010527203229661301,0.0010333559594663116,0.11926287011456427,0.012330037287959783,0.9551638844342962
Rates -200bp,5,0.010489460977141806,0.0010013856318588131,0.1188596495977634,0.011950664971014047,0.9441989038103532
Rates -200bp,6,0.010485251677215163,0.0009828699975790584,0.11881466892526238,0.011730890189969312,0.9333812167362115
Rates -200bp,7,0.010358272804665152,0.0009488084037002502,0.11745678001616888,0.011326472689928035,0.9228374652763207
Rates -200bp,8,0.009990394193633428,0.0009282167024990318,0.11351191742524247,0.011081911313314374,0.9127709296112296
Rates -200bp,9,0.009953926610216773,0.0009017668299371612,0.11311998633797948,0.010767692853365096,0.902871466168664
Rates -200bp,10,0.009961690775754163,0.0008726579187913736,0.11320344410537553,0.010421779839671963,0.8930984841753042
Rates -200bp,11,0.00999857290266859,0.0008464385858393502,0.11359979534430631,0.01011010994621786,0.8834216236326069
Rates -200bp,12,0.01014719282244657,0.0008166267453931458,0.11519528409055646,0.00975562650505335,0.873744455693428
Rates -200bp,13,0.010402592168001585,0.0007873489537312744,0.11793094095704038,0.009407380022298573,0.8639754070418
Rates -200bp,14,0.010661018987721071,0.0007724816453640183,0.12069113231124451,0.009230496938920085,0.8541053222550017
Rates -200bp,15,0.010899429686215639,0.0007588888020031821,0.12323051286765718,0.009068751405679198,0.8441560545089335
Rates -200bp,16,0.010887983350236717,0.0007502963710315522,0.12310874846210362,0.008966494871739616,0.8343395627914649
Rates -200bp,17,0.010838349306217143,0.0007449682152471224,0.12258056958107155,0.00890308086328806,0.8246830242147509
Rates -200bp,18,0.010822263876638363,0.0007292491748697211,0.12240933450538827,0.008715976190844632,0.8151643594876944
Rates -200bp,19,0.010672491428193695,0.0007197026134980026,0.12081348279546267,0.008602327099951679,0.805885278642928
Rates -200bp,20,0.010277958952902453,0.0007152999775319063,0.11659692834160706,0.008549910950076955,0.797033090289874
Rates -200bp,21,0.0102325007250526,0.0007080415105822813,0.11610990573244573,0.008463488789809848,0.7883200790386093
Rates -200bp,22,0.010221750011938294,0.0007019763245434142,0.11599469059514678,0.008391269005233237,0.7797155616529434
Rates -200bp,23,0.010211582868308014,0.000693263730118398,0.11588571689219362,0.008287517386027288,0.7712196455652631
Rates -200bp,24,0.01024882018379919,0.0006903211698099269,0.11628477467793952,0.008252474439424673,0.7627898493320973
Rates -200bp,25,0.010259321266545812,0.0006867351031220544,0.11639728083573786,0.008209766441679811,0.7544469556897341
Rates -200bp,26,0.010508301191672256,0.0006788580587559356,0.11906095075729306,0.008115949441758974,0.7460136653349848
Rates -200bp,27,0.010747592309529218,0.000669424442199327,0.12161402807217547,0.008003582685044197,0.7375032599566388
Rates -200bp,28,0.010736617889601124,0.000670886525360333,0.1214970868591938,0.008020998778842103,0.7290970188769432
Rates -200bp,29,0.010689284938442251,0.0006610259256411276,0.12099255291290512,0.007903535509702575,0.7208281711104437
Rates -200bp,30,0.010678475455077687,0.0006572618053785251,0.12087729463562769,0.007858692494091324,0.7126636127912521
Rates -200bp,31,0.010533332943914918,0.0006569861483157839,0.11932834113730906,0.007855408441526324,0.7046951040734649
Rates -200bp,32,0.010147761876116393,0.0006491007974244847,0.11520138802570767,0.007761461746632614,0.6970927593052494
Rates -200bp,33,0.010103906284410774,0.0006460235191275227,0.11473085932918359,0.0077247965972702115,0.6896050621127666
Rates -200bp,34,0.010093685631139817,0.0006429377025836939,0.11462116851019077,0.007688028469306163,0.6822069724883807
Rates -200bp,35,0.010083201189499102,0.0006385169322073757,0.11450863369780173,0.007635351920375233,0.6748983952565004
Rates -200bp,36,0.010124793732827144,0.0006340504036121378,0.11495499034047674,0.007582127527274607,0.6676429908036042
Rates -200bp,37,0.010137762108953842,0.0006362107954365056,0.11509412023700327,0.007607871681966194,0.6604555217656635
Rates -200bp,38,0.010375430403222707,0.0006294589204672638,0.11764037225635438,0.007527411413551066,0.6531931753091724
Rates -200bp,39,0.010620048856533372,0.000629967260921251,0.12025406950335893,0.00753346937744781,0.6458507351408032
Rates -200bp,40,0.01061557677401122,0.0006312109568473477,0.12020634998927293,0.0075482905318795535,0.6385929776998791
Rates -200bp,41,0.010575851835081388,0.0006284915492903724,0.11978235946871163,0.007515883023052505,0.6314438386703471
Rates -200bp,42,0.010571704035048745,0.0006225574215334613,0.11973807854900087,0.007445161936741829,0.62438109022703
Rates -200bp,43,0.010431893972164786,0.0006210824042671748,0.11824430482655679,0.007427582423583434,0.6174855000541566
Rates -200bp,44,0.010053965326861352,0.000619662025931323,0.1141947611436519,0.007410653836985026,0.6109002155849786
Rates -200bp,45,0.010019254151724064,0.0006146565499961031,0.1138219739002807,0.007350994641011077,0.6044093481371012
Rates -200bp,46,0.010015360812498517,0.0006179908694326398,0.11378015167721345,0.007390736045978286,0.5979878580344318
Rates -200bp,47,0.010011093787720122,0.0006173050409392534,0.11373431324843186,0.007382561846972946,0.591637602714265
Rates -200bp,48,0.010064670690954533,0.000617533401969054,0.11430970442260291,0.007385283625405803,0.5853229112186975
Rates -200bp,49,0.010089081059777003,0.0006103903184697324,0.1145717469325751,0.007300143746231669,0.5790655094910623
Rates -200bp,50,0.01032676411188877,0.000613549134644955,0.11711953490129479,0.007337795150500037,0.5727359601536532
Rates -200bp,51,0.010571434696395278,0.0006096508541263506,0.11973520308344388,0.007291329536506463,0.5663378242257854
Rates -200bp,52,0.010567886419525614,0.0006066842961386294,0.11969732079540596,0.007255968267495527,0.5600148723325616
Rates -200bp,53,0.010528617431548678,0.000605688422311752,0.1192779754958273,0.007244097226924873,0.553785036117999
Rates -200bp,54,0.010524572013520887,0.000605053265847645,0.1192347649217409,0.007236525950694461,0.5476271408316699
Rates -200bp,55,0.01038310346041774,0.0006016330410653494,0.11772246529309272,0.007195754824197653,0.5416169850258963
Rates -200bp,56,0.010004964708347152,0.0005967921342575387,0.11366846793230867,0.007138045694038753,0.5358801220159278
Rates -200bp,57,0.009972830041670334,0.0005978387255457359,0.11332316858015401,0.007150522516349289,0.5302206539905254
Rates -200bp,58,0.009969028287942381,0.0005966998305131721,0.1132823091179388,0.007136945298259589,0.5246236099141621
Rates -200bp,59,0.009965456312442505,0.0005966442381499452,0.11324391763149122,0.007136282555356366,0.5190876066236301
Rates -200bp,60,0.010024430711967992,0.0005960256438984259,0.11387757767275863,0.007128907972805076,0.5135796654164139
Rates -200bp,61,0.010024430711967992,0.0005960256438984259,0.11387757767275863,0.007128907972805076,0.5081282835395095
Rates -200bp,62,0.010024430711967992,0.0005960256438984259,0.11387757767275863,0.007128907972805076,0.5027347652548946
Rates -200bp,63,0.010024430711967992,0.0005960256438984259,0.11387757767275863,0.007128907972805076,0.4973984963705372
Rates -200bp,64,0.010024430711967992,0.0005960256438984259,0.11387757767275863,0.007128907972805076,0.4921188692137351
Rates -200bp,65,0.010024430711967992,0.0005960256438984259,0.11387757767275863,0.007128907972805076,0.48689528256191694
Rates -200bp,66,0.010024430711967992,0.0005960256438984259,0.11387757767275863,0.007128907972805076,0.4817271415741771
Rates -200bp,67,0.010024430711967992,0.0005960256438984259,0.11387757767275863,0.007128907972805076,0.476613857723538
Rates -200bp,68,0.010024430711967992,0.0005960256438984259,0.11387757767275863,0.007128907972805076,0.4715548487299305
Rates -200bp,69,0.010024430711967992,0.0005960256438984259,0.11387757767275863,0.007128907972805076,0.4665495384938867
Rates -200bp,70,0.010024430711967992,0.0005960256438984259,0.11387757767275863,0.007128907972805076,0.46159735703093585
Rates -200bp,71,0.010024430711967992,0.0005960256438984259,0.11387757767275863,0.007128907972805076,0.4566977404066968
Rates -200bp,72,0.010024430711967992,0.0005960256438984259,0.11387757767275863,0.007128907972805076,0.4518501306726595
Rates -200bp,73,0.010024430711967992,0.0005960256438984259,0.11387757767275863,0.007128907972805076,0.447053975802648
Rates -200bp,74,0.010024430711967992,0.0005960256438984259,0.11387757767275863,0.007128907972805076,0.4423087296299581
Rates -200bp,75,0.010024430711967992,0.0005960256438984259,0.11387757767275863,0.007128907972805076,0.43761385178516193
Rates -200bp,76,0.010024430711967992,0.0005960256438984259,0.11387757767275863,0.007128907972805076,0.43296880763457296
Rates -200bp,77,0.010024430711967992,0.0005960256438984259,0.11387757767275863,0.007128907972805076,0.42837306821936405
Rates -200bp,78,0.010024430711967992,0.0005960256438984259,0.11387757767275863,0.007128907972805076,0.4238261101953318
Rates -200bp,79,0.010024430711967992,0.0005960256438984259,0.11387757767275863,0.007128907972805076,0.4193274157733001
Rates -200bp,80,0.010024430711967992,0.0005960256438984259,0.11387757767275863,0.007128907972805076,0.41487647266015665
Rates -200bp,81,0.010024430711967992,0.0005960256438984259,0.11387757767275863,0.007128907972805076,0.41047277400051474
Rates -200bp,82,0.010024430711967992,0.0005960256438984259,0.11387757767275863,0.007128907972805076,0.40611581831899496
Rates -200bp,83,0.010024430711967992,0.0005960256438984259,0.11387757767275863,0.007128907972805076,0.401805109463119
Rates -200bp,84,0.010024430711967992,0.0005960256438984259,0.11387757767275863,0.007128907972805076,0.3975401565468098
Rates -200bp,85,0.010024430711967992,0.0005960256438984259,0.11387757767275863,0.007128907972805076,0.39332047389449165
Rates -200bp,86,0.010024430711967992,0.0005960256438984259,0.11387757767275863,0.007128907972805076,0.38914558098578317
Rates -200bp,87,0.010024430711967992,0.0005960256438984259,0.11387757767275863,0.007128907972805076,0.3850150024007777
Rates -200bp,88,0.010024430711967992,0.0005960256438984259,0.11387757767275863,0.007128907972805076,0.3809282677659044
Rates -200bp,89,0.010024430711967992,0.0005960256438984259,0.11387757767275863,0.007128907972805076,0.37688491170036403
Rates -200bp,90,0.010024430711967992,0.0005960256438984259,0.11387757767275863,0.007128907972805076,0.37288447376313333
Rates -200bp,91,0.010024430711967992,0.0005960256438984259,0.11387757767275863,0.007128907972805076,0.36892649840053165
Rates -200bp,92,0.010024430711967992,0.0005960256438984259,0.11387757767275863,0.007128907972805076,0.3650105348943446
Rates -200bp,93,0.010024430711967992,0.0005960256438984259,0.11387757767275863,0.007128907972805076,0.3611361373104978
Rates -200bp,94,0.010024430711967992,0.0005960256438984259,0.11387757767275863,0.007128907972805076,0.357302864448276
Rates -200bp,95,0.010024430711967992,0.0005960256438984259,0.11387757767275863,0.007128907972805076,0.35351027979008076
Rates -200bp,96,0.010024430711967992,0.0005960256438984259,0.11387757767275863,0.007128907972805076,0.34975795145172156
Rates -200bp,97,0.010024430711967992,0.0005960256438984259,0.11387757767275863,0.007128907972805076,0.3460454521332348
Rates -200bp,98,0.010024430711967992,0.0005960256438984259,0.11387757767275863,0.007128907972805076,0.3423723590702243
Rates -200bp,99,0.010024430711967992,0.0005960256438984259,0.11387757767275863,0.007128907972805076,0.3387382539857188
Rates -200bp,100,0.010024430711967992,0.0005960256438984259,0.11387757767275863,0.007128907972805076,0.3351427230425403
Rates -200bp,101,0.010024430711967992,0.0005960256438984259,0.11387757767275863,0.007128907972805076,0.3315853567961778
Rates -200bp,102,0.010024430711967992,0.0005960256438984259,0.11387757767275863,0.007128907972805076,0.3280657501481616
Rates -200bp,103,0.010024430711967992,0.0005960256438984259,0.11387757767275863,0.007128907972805076,0.3245835022999321
Rates -200bp,104,0.010024430711967992,0.0005960256438984259,0.11387757767275863,0.007128907972805076,0.3211382167071987
Rates -200bp,105,0.010024430711967992,0.0005960256438984259,0.11387757767275863,0.007128907972805076,0.31772950103478287
Rates -200bp,106,0.010024430711967992,0.0005960256438984259,0.11387757767275863,0.007128907972805076,0.3143569671119405
Rates -200bp,107,0.010024430711967992,0.0005960256438984259,0.11387757767275863,0.007128907972805076,0.3110202308881588
Rates -200bp,108,0.010024430711967992,0.0005960256438984259,0.11387757767275863,0.007128907972805076,0.30771891238942184
Rates -200bp,109,0.010024430711967992,0.0005960256438984259,0.11387757767275863,0.007128907972805076,0.30445263567494113
Rates -200bp,110,0.010024430711967992,0.0005960256438984259,0.11387757767275863,0.007128907972805076,0.3012210287943446
Rates -200bp,111,0.010024430711967992,0.0005960256438984259,0.11387757767275863,0.007128907972805076,0.29802372374532055
Rates -200bp,112,0.010024430711967992,0.0005960256438984259,0.11387757767275863,0.007128907972805076,0.29486035643171105
Rates -200bp,113,0.010024430711967992,0.0005960256438984259,0.11387757767275863,0.007128907972805076,0.29173056662205005
Rates -200bp,114,0.010024430711967992,0.0005960256438984259,0.11387757767275863,0.007128907972805076,0.28863399790854183
Rates -200bp,115,0.010024430711967992,0.0005960256438984259,0.11387757767275863,0.007128907972805076,0.28557029766647457
Rates -200bp,116,0.010024430711967992,0.0005960256438984259,0.11387757767275863,0.007128907972805076,0.28253911701406503
Rates -200bp,117,0.010024430711967992,0.0005960256438984259,0.11387757767275863,0.007128907972805076,0.2795401107727291
Rates -200bp,118,0.010024430711967992,0.0005960256438984259,0.11387757767275863,0.007128907972805076,0.2765729374277745
Rates -200bp,119,0.010024430711967992,0.0005960256438984259,0.11387757767275863,0.007128907972805076,0.27363725908951025
Rates -200bp,120,0.010024430711967992,0.0005960256438984259,0.11387757767275863,0.007128907972805076,0.2707327414547693
HPI -20%,1,0.009968373228747364,0.0011430307585530543,0.11327526867528004,0.013630466530616503,0.988900055949911
HPI -20%,2,0.010277136473996131,0.0011225496337948072,0.11658811879286901,0.013387738253857306,0.9776384876531518
HPI -20%,3,0.010529586432753604,0.0010986677745815235,0.11928832545991486,0.013104637654385076,0.9662819117785602
HPI -20%,4,0.010525193562941732,0.0010776136774382126,0.11924140404240935,0.012854996184850864,0.9550817914604983
HPI -20%,5,0.010484038879983261,0.0010630741373728958,0.11880170855652039,0.012682564970164067,0.9440646474956795
HPI -20%,6,0.010471754779238791,0.0010516016008778584,0.11867042657859683,0.012546487299699427,0.9331970477347008
HPI -20%,7,0.010333731335152578,0.0010405278190268744,0.11719411693817638,0.01241512301870562,0.9225935909632262
HPI -20%,8,0.009948540917190251,0.0010317487771566713,0.11306209077279061,0.012310969026803953,0.9124737763298936
HPI -20%,9,0.009883913032483892,0.0010283260903476861,0.11236707835245408,0.012270359761175631,0.9025270813763112
HPI -20%,10,0.009846164260047509,0.0010206815500613485,0.1119608947064542,0.012179653803885193,0.8927297886890778
HPI -20%,11,0.009802831822626085,0.0010168597342747603,0.11149441976638919,0.012134303353539377,0.8830809780843425
HPI -20%,12,0.009791894205996465,0.001012416902795595,0.11137664051016538,0.012081581404662867,0.8735500476749966
HPI -20%,13,0.009781932040368016,0.0010111712316587637,0.11126935272407734,0.01206679887979123,0.8641319051845829
HPI -20%,14,0.010064782133500608,0.000982005748493551,0.11431090090707063,0.011720630729393555,0.8545962399093432
HPI -20%,15,0.010262067727265898,0.0009561889986626444,0.11642670361091556,0.011414116275363151,0.8450192681805345
HPI -20%,16,0.01027566065044155,0.0009342195521975089,0.1165723110858431,0.011153211060697554,0.8355566265599551
HPI -20%,17,0.010254881208641719,0.0009180245300245221,0.11634971269038674,0.010960841462924864,0.8262307749699767
HPI -20%,18,0.01025409034331239,0.0009030932000248003,0.11634123958230813,0.010783452007186556,0.8170219788024441
HPI -20%,19,0.010132822107395046,0.000888622155430044,0.1150411242998095,0.01061150307480252,0.808026604048373
HPI -20%,20,0.009776481844762824,0.0008750177264363868,0.11121065168447597,0.010449826521805039,0.79942891861381
HPI -20%,21,0.009749545003461807,0.0008608754509725466,0.1109204776846201,0.010281732468488292,0.7909554973575603
HPI -20%,22,0.00975548317890662,0.0008487730999237628,0.1109844534520249,0.010137864024666432,0.7825767990052565
HPI -20%,23,0.009759905521122937,0.0008351435497961418,0.11103209543558201,0.00997581782996182,0.7742940746010071
HPI -20%,24,0.009812338529248286,0.0008193140193095232,0.11159677896686271,0.009787584825234341,0.7660706906468094
HPI -20%,25,0.009846803908030787,0.0007826159047860581,0.11196777885375453,0.009351071942145128,0.7579363171512071
HPI -20%,26,0.01011378790615617,0.0007726121707262167,0.11483689972559652,0.00923204998408278,0.7496938654192923
HPI -20%,27,0.010321488896756447,0.0007639171715368056,0.11706306146225276,0.009128588382423808,0.7413920015802277
HPI -20%,28,0.010319556831911558,0.000757353030040532,0.11704237705150744,0.00905047524859326,0.733188450509735
HPI -20%,29,0.01028269703745263,0.0007479183538727567,0.1166476762655545,0.008938192930572963,0.7251095889921514
HPI -20%,30,0.010276895730339004,0.0007404626387778762,0.1165855401790038,0.00884945402861359,0.7171294114937542
HPI -20%,31,0.010142894701603167,0.0007356080593881512,0.1151491791942878,0.008791670270926866,0.7093366007868285
HPI -20%,32,0.009775992137853854,0.0007231174218460152,0.11120537714844947,0.008642980791575328,0.7018973532499887
HPI -20%,33,0.009735856225602678,0.0007190855811534993,0.11077298363554977,0.008594981094918075,0.6945671078944154
HPI -20%,34,0.009727754564985544,0.0007121603046859928,0.110685679175761,0.008512529618635245,0.6873238936130109
HPI -20%,35,0.00971991783798182,0.000702378146749285,0.11060122219615698,0.008396053758334965,0.680168334253758
HPI -20%,36,0.009762995312249884,0.0006993773966538679,0.11106538043006342,0.008360321403345417,0.6730600392206759
HPI -20%,37,0.009768264394899478,0.0006972724050870183,0.11112213936212845,0.008335254864239805,0.6660241264584227
HPI -20%,38,0.010016475610618825,0.0006923922722527893,0.1137921270157769,0.008277139313824122,0.6589000303764438
HPI -20%,39,0.0102386289899586,0.0006908089670098172,0.11617557604220696,0.00825828369408177,0.6517070180237969
HPI -20%,40,0.010233146176024482,0.0006844588115100638,0.11611682257715428,0.008182656239270836,0.6446003153289274
HPI -20%,41,0.010195376109150243,0.0006833889332548641,0.11571198378963965,0.008169913957013164,0.637596173468311
HPI -20%,42,0.010189827248532545,0.0006766622862099952,0.11565249396156174,0.008089795950199652,0.6306760200872256
HPI -20%,43,0.010053998701764015,0.0006717548756372635,0.11419511951055883,0.008031342291651589,0.6239196996078746
HPI -20%,44,0.009689779879657528,0.0006683813060406032,0.1102763547051615,0.007991156847608871,0.617464979260552
HPI -20%,45,0.009655764464831532,0.0006642399347262472,0.10990956010312236,0.007941823426788286,0.6111005807927397
HPI -20%,46,0.009650017095830072,0.0006649350299352256,0.1098475714574576,0.007950103793910368,0.6048049897239401
HPI -20%,47,0.009644089229650472,0.0006630364816121295,0.10978363190132656,0.00792748706308799,0.598579089920736
HPI -20%,48,0.00969448168530206,0.0006548649985124921,0.11032704425680717,0.007830137696519412,0.592391979131176
HPI -20%,49,0.009697660079012575,0.0006536395455809664,0.1103613086040327,0.00781553774752397,0.5862679259266209
HPI -20%,50,0.00994325941093814,0.0006509266283485683,0.11300531183857487,0.007783215566285695,0.5800651921832611
HPI -20%,51,0.010172445817039766,0.0006508569343120146,0.11546612234381648,0.007782385206349995,0.5737954439143881
HPI -20%,52,0.01016696919524602,0.0006464082834767884,0.11540739205396666,0.007729381054711104,0.5675992401601406
HPI -20%,53,0.010128365250441309,0.0006444154255588721,0.11499330900240867,0.007705635993127347,0.5614930086334907
HPI -20%,54,0.01012204433120977,0.0006411288283723364,0.11492549109040606,0.007666474786778621,0.5554579560228031
HPI -20%,55,0.009983211567664418,0.0006404492326148338,0.11343473555103822,0.00765837693690119,0.5495652472955949
HPI -20%,56,0.009618217625786976,0.0006375036302680897,0.10950452454937731,0.007623277363003167,0.543937134189065
HPI -20%,57,0.009586219498283578,0.0006342076385396898,0.10915921224010539,0.0075840012267024415,0.5383858535300587
HPI -20%,58,0.009580149322905867,0.0006309394049218177,0.10909369123614332,0.007545054458329203,0.5328963410968658
HPI -20%,59,0.009574224160680567,0.0006304402305688149,0.10902973123254778,0.0075391057920847215,0.5274663398177879
HPI -20%,60,0.00962938539374574,0.0006307818839655277,0.10962501420619208,0.007543177282892555,0.5220624210975308
HPI -20%,61,0.00962938539374574,0.0006307818839655277,0.10962501420619208,0.007543177282892555,0.5167091443566626
HPI -20%,62,0.00962938539374574,0.0006307818839655277,0.10962501420619208,0.007543177282892555,0.5114107606146125
HPI -20%,63,0.00962938539374574,0.0006307818839655277,0.10962501420619208,0.007543177282892555,0.5061667069934528
HPI -20%,64,0.00962938539374574,0.0006307818839655277,0.10962501420619208,0.007543177282892555,0.5009764263870582
HPI -20%,65,0.00962938539374574,0.0006307818839655277,0.10962501420619208,0.007543177282892555,0.49583936740192186
HPI -20%,66,0.00962938539374574,0.0006307818839655277,0.10962501420619208,0.007543177282892555,0.49075498429857717
HPI -20%,67,0.00962938539374574,0.0006307818839655277,0.10962501420619208,0.007543177282892555,0.48572273693362095
HPI -20%,68,0.00962938539374574,0.0006307818839655277,0.10962501420619208,0.007543177282892555,0.48074209070233087
HPI -20%,69,0.00962938539374574,0.0006307818839655277,0.10962501420619208,0.007543177282892555,0.47581251648187123
HPI -20%,70,0.00962938539374574,0.0006307818839655277,0.10962501420619208,0.007543177282892555,0.4709334905750812
HPI -20%,71,0.00962938539374574,0.0006307818839655277,0.10962501420619208,0.007543177282892555,0.46610449465483955
HPI -20%,72,0.00962938539374574,0.0006307818839655277,0.10962501420619208,0.007543177282892555,0.4613250157089996
HPI -20%,73,0.00962938539374574,0.0006307818839655277,0.10962501420619208,0.007543177282892555,0.45659454598588906
HPI -20%,74,0.00962938539374574,0.0006307818839655277,0.10962501420619208,0.007543177282892555,0.4519125829403687
HPI -20%,75,0.00962938539374574,0.0006307818839655277,0.10962501420619208,0.007543177282892555,0.44727862918044387
HPI -20%,76,0.00962938539374574,0.0006307818839655277,0.10962501420619208,0.007543177282892555,0.442692192414424
HPI -20%,77,0.00962938539374574,0.0006307818839655277,0.10962501420619208,0.007543177282892555,0.4381527853986232
HPI -20%,78,0.00962938539374574,0.0006307818839655277,0.10962501420619208,0.007543177282892555,0.4336599258855979
HPI -20%,79,0.00962938539374574,0.0006307818839655277,0.10962501420619208,0.007543177282892555,0.4292131365729147
HPI -20%,80,0.00962938539374574,0.0006307818839655277,0.10962501420619208,0.007543177282892555,0.42481194505244396
HPI -20%,81,0.00962938539374574,0.0006307818839655277,0.10962501420619208,0.007543177282892555,0.42045588376017295
HPI -20%,82,0.00962938539374574,0.0006307818839655277,0.10962501420619208,0.007543177282892555,0.416144489926534
HPI -20%,83,0.00962938539374574,0.0006307818839655277,0.10962501420619208,0.007543177282892555,0.41187730552724167
HPI -20%,84,0.00962938539374574,0.0006307818839655277,0.10962501420619208,0.007543177282892555,0.40765387723463425
HPI -20%,85,0.00962938539374574,0.0006307818839655277,0.10962501420619208,0.007543177282892555,0.40347375636951416
HPI -20%,86,0.00962938539374574,0.0006307818839655277,0.10962501420619208,0.007543177282892555,0.3993364988534821
HPI -20%,87,0.00962938539374574,0.0006307818839655277,0.10962501420619208,0.007543177282892555,0.3952416651617602
HPI -20%,88,0.00962938539374574,0.0006307818839655277,0.10962501420619208,0.007543177282892555,0.3911888202764985
HPI -20%,89,0.00962938539374574,0.0006307818839655277,0.10962501420619208,0.007543177282892555,0.3871775336405607
HPI -20%,90,0.00962938539374574,0.0006307818839655277,0.10962501420619208,0.007543177282892555,0.38320737911178354
HPI -20%,91,0.00962938539374574,0.0006307818839655277,0.10962501420619208,0.007543177282892555,0.37927793491770523
HPI -20%,92,0.00962938539374574,0.0006307818839655277,0.10962501420619208,0.007543177282892555,0.37538878361075806
HPI -20%,93,0.00962938539374574,0.0006307818839655277,0.10962501420619208,0.007543177282892555,0.37153951202392066
HPI -20%,94,0.00962938539374574,0.0006307818839655277,0.10962501420619208,0.007543177282892555,0.3677297112268248
HPI -20%,95,0.00962938539374574,0.0006307818839655277,0.10962501420619208,0.007543177282892555,0.36395897648231235
HPI -20%,96,0.00962938539374574,0.0006307818839655277,0.10962501420619208,0.007543177282892555,0.3602269072034378
HPI -20%,97,0.00962938539374574,0.0006307818839655277,0.10962501420619208,0.007543177282892555,0.3565331069109115
HPI -20%,98,0.00962938539374574,0.0006307818839655277,0.10962501420619208,0.007543177282892555,0.3528771831909794
HPI -20%,99,0.00962938539374574,0.0006307818839655277,0.10962501420619208,0.007543177282892555,0.3492587476537346
HPI -20%,100,0.00962938539374574,0.0006307818839655277,0.10962501420619208,0.007543177282892555,0.34567741589185663
HPI -20%,101,0.00962938539374574,0.0006307818839655277,0.10962501420619208,0.007543177282892555,0.3421328074397735
HPI -20%,102,0.00962938539374574,0.0006307818839655277,0.10962501420619208,0.007543177282892555,0.3386245457332426
HPI -20%,103,0.00962938539374574,0.0006307818839655277,0.10962501420619208,0.007543177282892555,0.33515225806934623
HPI -20%,104,0.00962938539374574,0.0006307818839655277,0.10962501420619208,0.007543177282892555,0.3317155755668971
HPI -20%,105,0.00962938539374574,0.0006307818839655277,0.10962501420619208,0.007543177282892555,0.32831413312725016
HPI -20%,106,0.00962938539374574,0.0006307818839655277,0.10962501420619208,0.007543177282892555,0.3249475693955157
HPI -20%,107,0.00962938539374574,0.0006307818839655277,0.10962501420619208,0.007543177282892555,0.3216155267221709
HPI -20%,108,0.00962938539374574,0.0006307818839655277,0.10962501420619208,0.007543177282892555,0.31831765112506444
HPI -20%,109,0.00962938539374574,0.0006307818839655277,0.10962501420619208,0.007543177282892555,0.31505359225181095
HPI -20%,110,0.00962938539374574,0.0006307818839655277,0.10962501420619208,0.007543177282892555,0.31182300334257107
HPI -20%,111,0.00962938539374574,0.0006307818839655277,0.10962501420619208,0.007543177282892555,0.3086255411932133
HPI -20%,112,0.00962938539374574,0.0006307818839655277,0.10962501420619208,0.007543177282892555,0.3054608661188531
HPI -20%,113,0.00962938539374574,0.0006307818839655277,0.10962501420619208,0.007543177282892555,0.30232864191776654
HPI -20%,114,0.00962938539374574,0.0006307818839655277,0.10962501420619208,0.007543177282892555,0.29922853583567355
HPI -20%,115,0.00962938539374574,0.0006307818839655277,0.10962501420619208,0.007543177282892555,0.2961602185303874
HPI -20%,116,0.00962938539374574,0.0006307818839655277,0.10962501420619208,0.007543177282892555,0.29312336403682676
HPI -20%,117,0.00962938539374574,0.0006307818839655277,0.10962501420619208,0.007543177282892555,0.29011764973238685
HPI -20%,118,0.00962938539374574,0.0006307818839655277,0.10962501420619208,0.007543177282892555,0.287142756302665
HPI -20%,119,0.00962938539374574,0.0006307818839655277,0.10962501420619208,0.007543177282892555,0.2841983677075382
HPI -20%,120,0.00962938539374574,0.0006307818839655277,0.10962501420619208,0.007543177282892555,0.2812841711475884
Unemployment +4pt,1,0.009968373228747364,0.0011430307585530543,0.11327526867528004,0.013630466530616503,0.988900055949911
Unemployment +4pt,2,0.010272985037894375,0.001183699278703947,0.1165436516469216,0.014112279748947576,0.9775827462019284
Unemployment +4pt,3,0.010530591620754258,0.001238230357913385,0.11929906181967342,0.014757988645952569,0.9660908721861161
Unemployment +4pt,4,0.010528293688966009,0.0012620772576437565,0.11927451755566765,0.015040240726987397,0.9547137027928534
Unemployment +4pt,5,0.01049113584447177,0.001267723685433096,0.11887754668189754,0.015107061034097202,0.9435007850388948
Unemployment +4pt,6,0.010487471319378201,0.001270610022942568,0.11883838833302562,0.015141216592881701,0.9324204934306117
Unemployment +4pt,7,0.010360894937279366,0.001273609663664797,0.11748484000887849,0.015176711777962648,0.9215856053235383
Unemployment +4pt,8,0.009992023779444975,0.0013111565778534554,0.11352942750168726,0.015620910681793942,0.9111820604439973
Unemployment +4pt,9,0.009950804361596994,0.00138280315314441,0.11308642295539106,0.016468016197177193,0.9008690243912996
Unemployment +4pt,10,0.009943714142016584,0.001423384398462766,0.11301020056483502,0.016947527664832207,0.8906430824555978
Unemployment +4pt,11,0.009935299951607806,0.0014500727339769783,0.11291973722408777,0.01726276250100567,0.8805173256173017
Unemployment +4pt,12,0.00996961067359889,0.0014996505100344502,0.11328856843719559,0.017848114794887016,0.870433448739456
Unemployment +4pt,13,0.009950572725322848,0.0014731977074367447,0.1130839328776645,0.017535833010668078,0.8605045243170513
Unemployment +4pt,14,0.010218744761867675,0.0014457494959872136,0.11596248093949113,0.01721170396485583,0.8504819846262107
Unemployment +4pt,15,0.010449401426502495,0.0014206093061572534,0.11843148703772732,0.01691474376413893,0.8404015708349115
Unemployment +4pt,16,0.010438848164638375,0.001400505127890386,0.11831866043823958,0.016677210603801673,0.8304663278650534
Unemployment +4pt,17,0.010393563281649944,0.0013832860915942808,0.11783436227706667,0.01647372389958568,0.8207003248534946
Unemployment +4pt,18,0.010378442875030498,0.001365381072857405,0.11767260313358896,0.01626208963159892,0.8110762109377472
Unemployment +4pt,19,0.010234893263011498,0.0013483222154463106,0.11613554463234976,0.01606041801519642,0.8016950045668562
Unemployment +4pt,20,0.009858013440837456,0.0013376961358209454,0.11208841238676148,0.015934776222669922,0.7927325457646579
Unemployment +4pt,21,0.009816180342041516,0.0013279169531003913,0.11163814089645696,0.015819135066669987,0.7839111538727264
Unemployment +4pt,22,0.009806163580476188,0.001317452411927971,0.11153029420539062,0.015695375587359894,0.7752040011829002
Unemployment +4pt,23,0.009796749339660434,0.001299133039678307,0.11142892368761015,0.0154786861634858,0.7666150131588988
Unemployment +4pt,24,0.009833554339631258,0.0012947790562798055,0.11182517171349204,0.015427178941854525,0.7580963836605594
Unemployment +4pt,25,0.009816981761940152,0.0012910897391754975,0.11164676896354053,0.015383532727831106,0.7496879258407969
Unemployment +4pt,26,0.010075465757003394,0.0012740493189063405,0.11442559698491717,0.015181914183865053,0.7411920604185139
Unemployment +4pt,27,0.010307006551738137,0.00125945300355215,0.11690800472707563,0.01500918366618098,0.732631923873403
Unemployment +4pt,28,0.010296655238545121,0.001262943514890816,0.11679716201831658,0.015050492358851142,0.724175824150927
Unemployment +4pt,29,0.010253674179881255,0.0012420007915493227,0.11633678089477739,0.014802620460295457,0.7158634629377453
Unemployment +4pt,30,0.010243684068809416,0.0012354658369333178,0.11622974275491149,0.0147252629598984,0.707658392934146
Unemployment +4pt,31,0.010104843655244541,0.00123586697123871,0.1147409188231755,0.014730011546104316,0.6996452771263847
Unemployment +4pt,32,0.009736382672713005,0.0012242179253533511,0.11077865642046125,0.014592102810037533,0.6919884829922762
Unemployment +4pt,33,0.009696055828285173,0.00121591988615715,0.11034401429489327,0.01449385460867647,0.684449053221556
Unemployment +4pt,34,0.009686484186076484,0.0012145422825049926,0.11024082268557267,0.014477543009107086,0.6769993453652595
Unemployment +4pt,35,0.009676619595712007,0.0012035524047401321,0.11013446132975668,0.01434740783264532,0.6696448364576959
Unemployment +4pt,36,0.00971780303541228,0.0011978557044961093,0.11057842955459563,0.014279944915429832,0.6623464723674491
Unemployment +4pt,37,0.009703979942586585,0.0012020683052217575,0.1104294356508132,0.014329832858338665,0.655134217167133
Unemployment +4pt,38,0.009951254470902017,0.001189795848224956,0.11309126158834804,0.01418448919824089,0.6478468781496168
Unemployment +4pt,39,0.010187792440245766,0.0011912435621152532,0.11563067768168012,0.01420163560814014,0.6404867850662225
Unemployment +4pt,40,0.010183970633014683,0.0011917519601576236,0.11558970068637808,0.014207656899631327,0.6332125634846941
Unemployment +4pt,41,0.010148675331293534,0.0011798144124368524,0.11521118609139258,0.014066263793319433,0.6260507968005727
Unemployment +4pt,42,0.010145071309410371,0.001177977404678636,0.11517252741174555,0.014044503885745296,0.6189735365209711
Unemployment +4pt,43,0.010011815720458386,0.0011742487418373475,0.11374206874925241,0.014000335403028363,0.612061017709356
Unemployment +4pt,44,0.009650494130545742,0.001170769084049005,0.10985271669895491,0.013959114914097737,0.6054487559292059
Unemployment +4pt,45,0.009618970853365532,0.0011641838269083632,0.10951265163277346,0.01388110075863569,0.5989309713686657
Unemployment +4pt,46,0.009615612341542044,0.001159689645470395,0.10947641384572604,0.013827855888693952,0.5924881356835946
Unemployment +4pt,47,0.009611891377807848,0.0011606815698047004,0.10943626368403458,0.013839607951095512,0.5861163588804286
Unemployment +4pt,48,0.009664611200681269,0.0011609554250753239,0.11000496945093574,0.013842852494742486,0.5797821082971353
Unemployment +4pt,49,0.009662324326616206,0.0011573509877662127,0.10998030711016293,0.013800147570254828,0.5735199411353331
Unemployment +4pt,50,0.00990937602368281,0.001161879549104047,0.11264096857132821,0.013853801128162924,0.5671816531943834
Unemployment +4pt,51,0.010145810709889354,0.0011569610493344673,0.11518045874572547,0.013795527526647922,0.5607824222433806
Unemployment +4pt,52,0.010142868160081048,0.0011501307163936404,0.11514889448299837,0.013714597594896794,0.5544609286284866
Unemployment +4pt,53,0.010108049263116958,0.00114774642912376,0.11477531935036633,0.013686345678263878,0.5482313582396888
Unemployment +4pt,54,0.01010451728254366,0.001140874815814327,0.11473741633199519,0.013604918350520023,0.5420775438909776
Unemployment +4pt,55,0.009969718835963162,0.0011404892202240195,0.11328973093178096,0.013600348932569561,0.5360660549323953
Unemployment +4pt,56,0.009607892528078298,0.0011329315599338508,0.10939311321066891,0.01351078458084276,0.5303190142421706
Unemployment +4pt,57,0.009578727143388808,0.0011347213654953018,0.10907833970162395,0.01353199588960885,0.5246481386115505
Unemployment +4pt,58,0.009575288745867768,0.0011310761111354957,0.1090412233584529,0.013488794880861965,0.5190417128328015
Unemployment +4pt,59,0.009572098443393911,0.0011315673722626814,0.10900678385005058,0.01349461706574473,0.513496727547749
Unemployment +4pt,60,0.009630069896633408,0.0011289100043070847,0.10963239885904585,0.013463122874130984,0.507982616229929
Unemployment +4pt,61,0.009630069896633408,0.0011289100043070847,0.10963239885904585,0.013463122874130984,0.5025227639958789
Unemployment +4pt,62,0.009630069896633408,0.0011289100043070847,0.10963239885904585,0.013463122874130984,0.49712159484559043
Unemployment +4pt,63,0.009630069896633408,0.0011289100043070847,0.10963239885904585,0.013463122874130984,0.49177847804691693
Unemployment +4pt,64,0.009630069896633408,0.0011289100043070847,0.10963239885904585,0.013463122874130984,0.4864927896468893
Unemployment +4pt,65,0.009630069896633408,0.0011289100043070847,0.10963239885904585,0.013463122874130984,0.48126391239885263
Unemployment +4pt,66,0.009630069896633408,0.0011289100043070847,0.10963239885904585,0.013463122874130984,0.47609123569038586
Unemployment +4pt,67,0.009630069896633408,0.0011289100043070847,0.10963239885904585,0.013463122874130984,0.47097415547199656
Unemployment +4pt,68,0.009630069896633408,0.0011289100043070847,0.10963239885904585,0.013463122874130984,0.46591207418658165
Unemployment +4pt,69,0.009630069896633408,0.0011289100043070847,0.10963239885904585,0.013463122874130984,0.4609044006996466
Unemployment +4pt,70,0.009630069896633408,0.0011289100043070847,0.10963239885904585,0.013463122874130984,0.45595055023027453
Unemployment +4pt,71,0.009630069896633408,0.0011289100043070847,0.10963239885904585,0.013463122874130984,0.4510499442828373
Unemployment +4pt,72,0.009630069896633408,0.0011289100043070847,0.10963239885904585,0.013463122874130984,0.44620201057944037
Unemployment +4pt,73,0.009630069896633408,0.0011289100043070847,0.10963239885904585,0.013463122874130984,0.4414061829930942
Unemployment +4pt,74,0.009630069896633408,0.0011289100043070847,0.10963239885904585,0.013463122874130984,0.43666190148160344
Unemployment +4pt,75,0.009630069896633408,0.0011289100043070847,0.10963239885904585,0.013463122874130984,0.43196861202216696
Unemployment +4pt,76,0.009630069896633408,0.0011289100043070847,0.10963239885904585,0.013463122874130984,0.4273257665466808
Unemployment +4pt,77,0.009630069896633408,0.0011289100043070847,0.10963239885904585,0.013463122874130984,0.4227328228777364
Unemployment +4pt,78,0.009630069896633408,0.0011289100043070847,0.10963239885904585,0.013463122874130984,0.41818924466530677
Unemployment +4pt,79,0.009630069896633408,0.0011289100043070847,0.10963239885904585,0.013463122874130984,0.4136945013241131
Unemployment +4pt,80,0.009630069896633408,0.0011289100043070847,0.10963239885904585,0.013463122874130984,0.40924806797166485
Unemployment +4pt,81,0.009630069896633408,0.0011289100043070847,0.10963239885904585,0.013463122874130984,0.40484942536696517
Unemployment +4pt,82,0.009630069896633408,0.0011289100043070847,0.10963239885904585,0.013463122874130984,0.40049805984987585
Unemployment +4pt,83,0.009630069896633408,0.0011289100043070847,0.10963239885904585,0.013463122874130984,0.3961934632811336
Unemployment +4pt,84,0.009630069896633408,0.0011289100043070847,0.10963239885904585,0.013463122874130984,0.3919351329830109
Unemployment +4pt,85,0.009630069896633408,0.0011289100043070847,0.10963239885904585,0.013463122874130984,0.387722571680615
Unemployment +4pt,86,0.009630069896633408,0.0011289100043070847,0.10963239885904585,0.013463122874130984,0.38355528744381767
Unemployment +4pt,87,0.009630069896633408,0.0011289100043070847,0.10963239885904585,0.013463122874130984,0.3794327936298089
Unemployment +4pt,88,0.009630069896633408,0.0011289100043070847,0.10963239885904585,0.013463122874130984,0.37535460882626853
Unemployment +4pt,89,0.009630069896633408,0.0011289100043070847,0.10963239885904585,0.013463122874130984,0.3713202567951481
Unemployment +4pt,90,0.009630069896633408,0.0011289100043070847,0.10963239885904585,0.013463122874130984,0.36732926641705727
Unemployment +4pt,91,0.009630069896633408,0.0011289100043070847,0.10963239885904585,0.013463122874130984,0.3633811716362481
Unemployment +4pt,92,0.009630069896633408,0.0011289100043070847,0.10963239885904585,0.013463122874130984,0.3594755114061904
Unemployment +4pt,93,0.009630069896633408,0.0011289100043070847,0.10963239885904585,0.013463122874130984,0.3556118296357319
Unemployment +4pt,94,0.009630069896633408,0.0011289100043070847,0.10963239885904585,0.013463122874130984,0.35178967513583764
Unemployment +4pt,95,0.009630069896633408,0.0011289100043070847,0.10963239885904585,0.013463122874130984,0.3480086015669012
Unemployment +4pt,96,0.009630069896633408,0.0011289100043070847,0.10963239885904585,0.013463122874130984,0.3442681673866228
Unemployment +4pt,97,0.009630069896633408,0.0011289100043070847,0.10963239885904585,0.013463122874130984,0.34056793579844696
Unemployment +4pt,98,0.009630069896633408,0.0011289100043070847,0.10963239885904585,0.013463122874130984,0.3369074747005551
Unemployment +4pt,99,0.009630069896633408,0.0011289100043070847,0.10963239885904585,0.013463122874130984,0.3332863566354058
Unemployment +4pt,100,0.009630069896633408,0.0011289100043070847,0.10963239885904585,0.013463122874130984,0.3297041587398176
Unemployment +4pt,101,0.009630069896633408,0.0011289100043070847,0.10963239885904585,0.013463122874130984,0.3261604626955884
Unemployment +4pt,102,0.009630069896633408,0.0011289100043070847,0.10963239885904585,0.013463122874130984,0.3226548546806455
Unemployment +4pt,103,0.009630069896633408,0.0011289100043070847,0.10963239885904585,0.013463122874130984,0.31918692532072057
Unemployment +4pt,104,0.009630069896633408,0.0011289100043070847,0.10963239885904585,0.013463122874130984,0.3157562696415445
Unemployment +4pt,105,0.009630069896633408,0.0011289100043070847,0.10963239885904585,0.013463122874130984,0.31236248702155545
Unemployment +4pt,106,0.009630069896633408,0.0011289100043070847,0.10963239885904585,0.013463122874130984,0.3090051811451155
Unemployment +4pt,107,0.009630069896633408,0.0011289100043070847,0.10963239885904585,0.013463122874130984,0.3056839599562302
Unemployment +4pt,108,0.009630069896633408,0.0011289100043070847,0.10963239885904585,0.013463122874130984,0.3023984356127655
Unemployment +4pt,109,0.009630069896633408,0.0011289100043070847,0.10963239885904585,0.013463122874130984,0.2991482244411567
Unemployment +4pt,110,0.009630069896633408,0.0011289100043070847,0.10963239885904585,0.013463122874130984,0.29593294689160393
Unemployment +4pt,111,0.009630069896633408,0.0011289100043070847,0.10963239885904585,0.013463122874130984,0.29275222749374996
Unemployment +4pt,112,0.009630069896633408,0.0011289100043070847,0.10963239885904585,0.013463122874130984,0.28960569481283355
Unemployment +4pt,113,0.009630069896633408,0.0011289100043070847,0.10963239885904585,0.013463122874130984,0.2864929814063146
Unemployment +4pt,114,0.009630069896633408,0.0011289100043070847,0.10963239885904585,0.013463122874130984,0.2834137237809652
Unemployment +4pt,115,0.009630069896633408,0.0011289100043070847,0.10963239885904585,0.013463122874130984,0.28036756235042215
Unemployment +4pt,116,0.009630069896633408,0.0011289100043070847,0.10963239885904585,0.013463122874130984,0.2773541413931954
Unemployment +4pt,117,0.009630069896633408,0.0011289100043070847,0.10963239885904585,0.013463122874130984,0.2743731090111281
Unemployment +4pt,118,0.009630069896633408,0.0011289100043070847,0.10963239885904585,0.013463122874130984,0.2714241170883029
Unemployment +4pt,119,0.009630069896633408,0.0011289100043070847,0.10963239885904585,0.013463122874130984,0.26850682125039005
Unemployment +4pt,120,0.009630069896633408,0.0011289100043070847,0.10963239885904585,0.013463122874130984,0.2656208808244325
Adverse combined,1,0.009968373228747364,0.0011430307585530543,0.11327526867528004,0.013630466530616503,0.988900055949911
Adverse combined,2,0.010277335942579372,0.0011989159547243374,0.11659025530272571,0.014292501201788266,0.9775635572150185
Adverse combined,3,0.010530202034028456,0.0012702406480816913,0.11929490067874282,0.015136845645318364,0.966041328893771
Adverse combined,4,0.010526320415511827,0.0013132413437993101,0.11925344047464048,0.015645569130179338,0.9546177486973082
Adverse combined,5,0.010485766488447656,0.0013362173837723427,0.11882017032249648,0.015917290428189124,0.9433463953422518
Adverse combined,6,0.010474090534620884,0.0013537864905389166,0.11869539051767475,0.01612502137837102,0.9322029075670272
Adverse combined,7,0.01033671908096841,0.0013727375594177707,0.1172260980922939,0.016349047099864622,0.9213016366686914
Adverse combined,8,0.009952102598128102,0.0014231743256298115,0.11310037881099788,0.01694504597815638,0.9108358924382984
Adverse combined,9,0.009888312304350427,0.0015254701935090464,0.11241440423473026,0.018152834702683696,0.9004550045085266
Adverse combined,10,0.009851479308742694,0.001598226628198556,0.11201809589968537,0.019011028772547345,0.890160866486656
Adverse combined,11,0.0098091595566794,0.0016651976586717996,0.11156255200828957,0.019800373641894686,0.8799631739903603
Adverse combined,12,0.009799364843724841,0.0017375469527669673,0.11145708793567455,0.020652454423111477,0.8698280100189093
Adverse combined,13,0.009790136231775479,0.0017538869078417396,0.1113577088265778,0.02084480128680799,0.8598037083016155
Adverse combined,14,0.010074184740231435,0.0017045895778219067,0.11441184510346047,0.020264389112435666,0.8496932560563355
Adverse combined,15,0.01027263557320204,0.0016624923848308827,0.11653990834321137,0.019768499590149924,0.8395688321935845
Adverse combined,16,0.010287159996772422,0.0016264405371290939,0.11669547497776944,0.01934363914478132,0.8295829400232337
Adverse combined,17,0.010267724669766286,0.0016021084236666602,0.11648730348544489,0.019056796925790098,0.819752004693908
Adverse combined,18,0.010267861158041432,0.0015800801369297548,0.11648876556607679,0.01879704733237153,0.8100554555055605
Adverse combined,19,0.0101476276117146,0.0015588615505241976,0.11519994784657284,0.01854678581880309,0.8005879704439676
Adverse combined,20,0.009791651939102825,0.0015389844995499155,0.11137403155179337,0.01831229389711908,0.7915315453272264
Adverse combined,21,0.009765707289976586,0.0015189659835225335,0.11109459446142456,0.0180760811901588,0.7826138532923219
Adverse combined,22,0.009772465119634201,0.0015017337097945546,0.11116738748693733,0.01787270361064719,0.7738048472475788
Adverse combined,23,0.00977769607742118,0.0014816750680323749,0.11122372981992712,0.017635920228418422,0.7651064464894064
Adverse combined,24,0.009831010135805052,0.0014581187227800765,0.11179778565441933,0.01735778119380338,0.7564830861416718
Adverse combined,25,0.009864987008850256,0.0013979957239996941,0.11216345219417112,0.016647558017545916,0.7479765174484504
Adverse combined,26,0.010133074937064111,0.0013806132344466502,0.11504383670668938,0.016442133834249306,0.7393784785823352
Adverse combined,27,0.010341941210726787,0.0013669371494117216,0.11728199378326676,0.01628048384726144,0.7307351653575055
Adverse combined,28,0.010340734298961441,0.0013580844491293453,0.11726907574697931,0.016175832812066915,0.722200320914477
Adverse combined,29,0.010305365585455724,0.0013424485534431834,0.1168904339763901,0.01599097019122675,0.7138019239461176
Adverse combined,30,0.01030033357436332,0.001331642982866985,0.11683655139991567,0.015863197721607714,0.7055125324240645
Adverse combined,31,0.010167169065690797,0.0013122657063388205,0.11540953549088317,0.015634029437169628,0.6974268145393363
Adverse combined,32,0.009800136902749406,0.0013045430111544942,0.11146540145850392,0.015542682185324286,0.6896948126229185
Adverse combined,33,0.009760947365595626,0.001295946957907506,0.11104331890686236,0.015440995352707376,0.6820814257703659
Adverse combined,34,0.009753549456349604,0.0012863445328981965,0.11096362068374865,0.01532739228140867,0.6745637019741333
Adverse combined,35,0.009746421714199151,0.0012682782833020358,0.11088682679539874,0.015113623968366907,0.667145787629669
Adverse combined,36,0.009790401503236408,0.0012532047270517844,0.11136056556755891,0.01493523404918251,0.6597901132464423
Adverse combined,37,0.00979444538431195,0.0012603883769578689,0.11140411357779156,0.015020253561818353,0.6525084394433665
Adverse combined,38,0.010043845298106684,0.0012412559513686795,0.11408609002562242,0.014793803698621932,0.6451571925572576
Adverse combined,39,0.010267323006194781,0.001250210067502917,0.11648300079875551,0.014899789843259903,0.6377391957491418
Adverse combined,40,0.010262507190821668,0.0012372393937414273,0.11643141149127478,0.014746257982345856,0.6304178703569656
Adverse combined,41,0.010226472878820754,0.001224879853878359,0.1160453071428229,0.014599939610609347,0.623211033615291
Adverse combined,42,0.010221598253676979,0.0012222855000171573,0.11599306410692856,0.014569223831773503,0.6160913321507852
Adverse combined,43,0.0100867528511755,0.0012135956479307857,0.11454675694648364,0.014466334181576723,0.6091413055667296
Adverse combined,44,0.009722047972323728,0.001208011602188818,0.11062417953722437,0.014400212725309447,0.6024949884304586
Adverse combined,45,0.009689019626925945,0.0011904353403871261,0.11026815827126779,0.014192063238672614,0.5959515517705336
Adverse combined,46,0.009683884657877012,0.0011999270032936025,0.11021279534964445,0.014304474668263456,0.5894767791552855
Adverse combined,47,0.009678567774967815,0.0011868199536572105,0.1101554677871639,0.014149242488677216,0.5830832279717812
Adverse combined,48,0.009729936820302213,0.0011824108600440226,0.11070919619211994,0.014097018742736722,0.5767316687412736
Adverse combined,49,0.009731197703718707,0.0011801621919585645,0.11072278380886702,0.01407038329644772,0.5704501134643145
Adverse combined,50,0.009978083581572266,0.001174699355565229,0.11337962831749304,0.014005673317653233,0.5640997101950948
Adverse combined,51,0.010208728355476442,0.0011735791355219206,0.11585511937596027,0.013992403280301824,0.5576908560172393
Adverse combined,52,0.010203835519207744,0.0011547484513223978,0.11580267081780604,0.013769311988604316,0.5513680118418295
Adverse combined,53,0.010167214308428658,0.001161030347199902,0.1154100206792893,0.013843740144763195,0.5451336679877096
Adverse combined,54,0.010161505887749627,0.0011572689575053312,0.11534880098270028,0.013799175666207697,0.5389750658524901
Adverse combined,55,0.010023634245776306,0.0011463958469879992,0.11386902267771515,0.013670342020022375,0.532966077813333
Adverse combined,56,0.00965776071820586,0.0011391770868755956,0.10993108990597222,0.013584799632020639,0.5272226905870775
Adverse combined,57,0.009626772681474343,0.0011424274243130635,0.10959682685041494,0.0136233170086143,0.521555864503387
Adverse combined,58,0.009621293627426758,0.0011369852371669014,0.10953771318996885,0.013558824842571204,0.5159557070842341
Adverse combined,59,0.009615950902215342,0.0011354872117381742,0.10948006692065482,0.013541071943947713,0.5104193232216155
Adverse combined,60,0.009672120318291972,0.0011359105444109033,0.11008594563820706,0.013546088832413705,0.5049135213703628
Adverse combined,61,0.009672120318291972,0.0011359105444109033,0.11008594563820706,0.013546088832413705,0.4994619477633298
Adverse combined,62,0.009672120318291972,0.0011359105444109033,0.11008594563820706,0.013546088832413705,0.49406923503748734
Adverse combined,63,0.009672120318291972,0.0011359105444109033,0.11008594563820706,0.013546088832413705,0.48873474766929964
Adverse combined,64,0.009672120318291972,0.0011359105444109033,0.11008594563820706,0.013546088832413705,0.4834578569970066
Adverse combined,65,0.009672120318291972,0.0011359105444109033,0.11008594563820706,0.013546088832413705,0.4782379411465369
Adverse combined,66,0.009672120318291972,0.0011359105444109033,0.11008594563820706,0.013546088832413705,0.4730743849582211
Adverse combined,67,0.009672120318291972,0.0011359105444109033,0.11008594563820706,0.013546088832413705,0.4679665799142958
Adverse combined,68,0.009672120318291972,0.0011359105444109033,0.11008594563820706,0.013546088832413705,0.4629139240671909
Adverse combined,69,0.009672120318291972,0.0011359105444109033,0.11008594563820706,0.013546088832413705,0.45791582196859076
Adverse combined,70,0.009672120318291972,0.0011359105444109033,0.11008594563820706,0.013546088832413705,0.45297168459926157
Adverse combined,71,0.009672120318291972,0.0011359105444109033,0.11008594563820706,0.013546088832413705,0.44808092929963617
Adverse combined,72,0.009672120318291972,0.0011359105444109033,0.11008594563820706,0.013546088832413705,0.4432429797011485
Adverse combined,73,0.009672120318291972,0.0011359105444109033,0.11008594563820706,0.013546088832413705,0.43845726565830945
Adverse combined,74,0.009672120318291972,0.0011359105444109033,0.11008594563820706,0.013546088832413705,0.4337232231815159
Adverse combined,75,0.009672120318291972,0.0011359105444109033,0.11008594563820706,0.013546088832413705,0.4290402943705854
Adverse combined,76,0.009672120318291972,0.0011359105444109033,0.11008594563820706,0.013546088832413705,0.42440792734900845
Adverse combined,77,0.009672120318291972,0.0011359105444109033,0.11008594563820706,0.013546088832413705,0.4198255761989106
Adverse combined,78,0.009672120318291972,0.0011359105444109033,0.11008594563820706,0.013546088832413705,0.4152927008967168
Adverse combined,79,0.009672120318291972,0.0011359105444109033,0.11008594563820706,0.013546088832413705,0.4108087672495105
Adverse combined,80,0.009672120318291972,0.0011359105444109033,0.11008594563820706,0.013546088832413705,0.40637324683207954
Adverse combined,81,0.009672120318291972,0.0011359105444109033,0.11008594563820706,0.013546088832413705,0.40198561692464224
Adverse combined,82,0.009672120318291972,0.0011359105444109033,0.11008594563820706,0.013546088832413705,0.3976453604512455
Adverse combined,83,0.009672120318291972,0.0011359105444109033,0.11008594563820706,0.013546088832413705,0.3933519659188281
Adverse combined,84,0.009672120318291972,0.0011359105444109033,0.11008594563820706,0.013546088832413705,0.38910492735694197
Adverse combined,85,0.009672120318291972,0.0011359105444109033,0.11008594563820706,0.013546088832413705,0.38490374425812446
Adverse combined,86,0.009672120318291972,0.0011359105444109033,0.11008594563820706,0.013546088832413705,0.380747921518914
Adverse combined,87,0.009672120318291972,0.0011359105444109033,0.11008594563820706,0.013546088832413705,0.37663696938150304
Adverse combined,88,0.009672120318291972,0.0011359105444109033,0.11008594563820706,0.013546088832413705,0.3725704033760207
Adverse combined,89,0.009672120318291972,0.0011359105444109033,0.11008594563820706,0.013546088832413705,0.3685477442634387
Adverse combined,90,0.009672120318291972,0.0011359105444109033,0.11008594563820706,0.013546088832413705,0.3645685179790938
Adverse combined,91,0.009672120318291972,0.0011359105444109033,0.11008594563820706,0.013546088832413705,0.3606322555768197
Adverse combined,92,0.009672120318291972,0.0011359105444109033,0.11008594563820706,0.013546088832413705,0.35673849317368284
Adverse combined,93,0.009672120318291972,0.0011359105444109033,0.11008594563820706,0.013546088832413705,0.352886771895314
Adverse combined,94,0.009672120318291972,0.0011359105444109033,0.11008594563820706,0.013546088832413705,0.34907663782183085
Adverse combined,95,0.009672120318291972,0.0011359105444109033,0.11008594563820706,0.013546088832413705,0.34530764193434416
Adverse combined,96,0.009672120318291972,0.0011359105444109033,0.11008594563820706,0.013546088832413705,0.34157934006204144
Adverse combined,97,0.009672120318291972,0.0011359105444109033,0.11008594563820706,0.013546088832413705,0.3378912928298421
Adverse combined,98,0.009672120318291972,0.0011359105444109033,0.11008594563820706,0.013546088832413705,0.3342430656066177
Adverse combined,99,0.009672120318291972,0.0011359105444109033,0.11008594563820706,0.013546088832413705,0.3306342284539714
Adverse combined,100,0.009672120318291972,0.0011359105444109033,0.11008594563820706,0.013546088832413705,0.3270643560755701
Adverse combined,101,0.009672120318291972,0.0011359105444109033,0.11008594563820706,0.013546088832413705,0.3235330277670241
Adverse combined,102,0.009672120318291972,0.0011359105444109033,0.11008594563820706,0.013546088832413705,0.3200398273663075
Adverse combined,103,0.009672120318291972,0.0011359105444109033,0.11008594563820706,0.013546088832413705,0.31658434320471424
Adverse combined,104,0.009672120318291972,0.0011359105444109033,0.11008594563820706,0.013546088832413705,0.3131661680583435
Adverse combined,105,0.009672120318291972,0.0011359105444109033,0.11008594563820706,0.013546088832413705,0.3097848991001089
Adverse combined,106,0.009672120318291972,0.0011359105444109033,0.11008594563820706,0.013546088832413705,0.3064401378522659
Adverse combined,107,0.009672120318291972,0.0011359105444109033,0.11008594563820706,0.013546088832413705,0.3031314901394518
Adverse combined,108,0.009672120318291972,0.0011359105444109033,0.11008594563820706,0.013546088832413705,0.29985856604223265
Adverse combined,109,0.009672120318291972,0.0011359105444109033,0.11008594563820706,0.013546088832413705,0.296620979851152
Adverse combined,110,0.009672120318291972,0.0011359105444109033,0.11008594563820706,0.013546088832413705,0.2934183500212753
Adverse combined,111,0.009672120318291972,0.0011359105444109033,0.11008594563820706,0.013546088832413705,0.2902502991272256
Adverse combined,112,0.009672120318291972,0.0011359105444109033,0.11008594563820706,0.013546088832413705,0.28711645381870443
Adverse combined,113,0.009672120318291972,0.0011359105444109033,0.11008594563820706,0.013546088832413705,0.28401644477649296
Adverse combined,114,0.009672120318291972,0.0011359105444109033,0.11008594563820706,0.013546088832413705,0.28094990666892833
Adverse combined,115,0.009672120318291972,0.0011359105444109033,0.11008594563820706,0.013546088832413705,0.27791647810884973
Adverse combined,116,0.009672120318291972,0.0011359105444109033,0.11008594563820706,0.013546088832413705,0.27491580161100954
Adverse combined,117,0.009672120318291972,0.0011359105444109033,0.11008594563820706,0.013546088832413705,0.27194752354994417
Adverse combined,118,0.009672120318291972,0.0011359105444109033,0.11008594563820706,0.013546088832413705,0.26901129411829977
Adverse combined,119,0.009672120318291972,0.0011359105444109033,0.11008594563820706,0.013546088832413705,0.266106767285608
Adverse combined,120,0.009672120318291972,0.0011359105444109033,0.11008594563820706,0.013546088832413705,0.2632336007575067
